index,file_name,groundtruth
0,train/daisy/14167534527_781ceb1b7a_n.jpg,daisy
1,train/daisy/34718882165_68cdc9def9_n.jpg,daisy
2,train/daisy/476857510_d2b30175de_n.jpg,daisy
3,train/daisy/7320089276_87b544e341.jpg,daisy
4,train/daisy/5110107234_12ddc0206b_m.jpg,daisy
5,train/daisy/3711723108_65247a3170.jpg,daisy
6,train/daisy/705422469_ffa28c566d.jpg,daisy
7,train/daisy/13491959645_2cd9df44d6_n.jpg,daisy
8,train/daisy/34695914906_961f92ffcd_n.jpg,daisy
9,train/daisy/14350958832_29bdd3a254.jpg,daisy
10,train/daisy/174131220_c853df1287.jpg,daisy
11,train/daisy/7416083788_fcb4c4f27e_n.jpg,daisy
12,train/daisy/5434913005_409c1e8b56_n.jpg,daisy
13,train/daisy/8742143296_fed9fa007c.jpg,daisy
14,train/daisy/16360180712_b72695928c_n.jpg,daisy
15,train/daisy/4511693548_20f9bd2b9c_m.jpg,daisy
16,train/daisy/4281102584_c548a69b81_m.jpg,daisy
17,train/daisy/1955336401_fbb206d6ef_n.jpg,daisy
18,train/daisy/34729724865_787c98299d_n.jpg,daisy
19,train/daisy/4222584034_8964cbd3de.jpg,daisy
20,train/daisy/4085794721_7cd88e0a6c_m.jpg,daisy
21,train/daisy/3025866885_22fb0b61c6_n.jpg,daisy
22,train/daisy/34522174462_b7cbee3ecb_n.jpg,daisy
23,train/daisy/4669117051_ce61e91b76.jpg,daisy
24,train/daisy/10555826524_423eb8bf71_n.jpg,daisy
25,train/daisy/2812442552_3eed5fb9f2_m.jpg,daisy
26,train/daisy/4598422221_b37313a3e3_n.jpg,daisy
27,train/daisy/5809489674_5659b3ae5d_n.jpg,daisy
28,train/daisy/8021540573_c56cf9070d_n.jpg,daisy
29,train/daisy/286875003_f7c0e1882d.jpg,daisy
30,train/daisy/4117918318_3c8935289b_m.jpg,daisy
31,train/daisy/17357636476_1953c07aa4_n.jpg,daisy
32,train/daisy/3275951182_d27921af97_n.jpg,daisy
33,train/daisy/3440366251_5b9bdf27c9_m.jpg,daisy
34,train/daisy/10437929963_bc13eebe0c.jpg,daisy
35,train/daisy/14564545365_1f1d267bf1_n.jpg,daisy
36,train/daisy/4432271543_01c56ca3a9.jpg,daisy
37,train/daisy/34310869690_56cdc84a17_n.jpg,daisy
38,train/daisy/3764116502_f394428ee0_n.jpg,daisy
39,train/daisy/34300874850_923cc2881c_n.jpg,daisy
40,train/daisy/17027891179_3edc08f4f6.jpg,daisy
41,train/daisy/1392131677_116ec04751.jpg,daisy
42,train/daisy/8759177308_951790e00d_m.jpg,daisy
43,train/daisy/4563059851_45a9d21a75.jpg,daisy
44,train/daisy/5884807222_22f5326ba8_m.jpg,daisy
45,train/daisy/5547758_eea9edfd54_n.jpg,daisy
46,train/daisy/33872893913_72d64a9b85_n.jpg,daisy
47,train/daisy/4131565290_0585c4dd5a_n.jpg,daisy
48,train/daisy/14866200659_6462c723cb_m.jpg,daisy
49,train/daisy/3750771898_cfd50090ba_n.jpg,daisy
50,train/daisy/5714327423_50af0cffe9.jpg,daisy
51,train/daisy/158869618_f1a6704236_n.jpg,daisy
52,train/daisy/12701063955_4840594ea6_n.jpg,daisy
53,train/daisy/34283602490_b61f3da99d_n.jpg,daisy
54,train/daisy/10993818044_4c19b86c82.jpg,daisy
55,train/daisy/18474740346_ffdaa18032.jpg,daisy
56,train/daisy/5459481183_18d2d49e44_m.jpg,daisy
57,train/daisy/2019064575_7656b9340f_m.jpg,daisy
58,train/daisy/102841525_bd6628ae3c.jpg,daisy
59,train/daisy/34518374242_310e7abd54_n.jpg,daisy
60,train/daisy/5905504340_1d60fa9611_n.jpg,daisy
61,train/daisy/7702332000_3f21ef4571_n.jpg,daisy
62,train/daisy/2045022175_ad087f5f60_n.jpg,daisy
63,train/daisy/3285641623_da0e47f49a.jpg,daisy
64,train/daisy/14554906452_35f066ffe9_n.jpg,daisy
65,train/daisy/34517409722_829ec7e152_n.jpg,daisy
66,train/daisy/18442919723_d1251d3e14_n.jpg,daisy
67,train/daisy/9120905231_329598304e.jpg,daisy
68,train/daisy/21652746_cc379e0eea_m.jpg,daisy
69,train/daisy/14485782498_fb342ec301.jpg,daisy
70,train/daisy/5896675418_e6ff20a739_n.jpg,daisy
71,train/daisy/10770585085_4742b9dac3_n.jpg,daisy
72,train/daisy/34696730346_5f0c131e59_n.jpg,daisy
73,train/daisy/4654579740_6671a53627_m.jpg,daisy
74,train/daisy/34701198765_54aa641d7a_n.jpg,daisy
75,train/daisy/34585995071_13e07140d8_n.jpg,daisy
76,train/daisy/18582579815_4c6637e9ff_m.jpg,daisy
77,train/daisy/5434901893_4550be3f84_m.jpg,daisy
78,train/daisy/10172567486_2748826a8b.jpg,daisy
79,train/daisy/12193032636_b50ae7db35_n.jpg,daisy
80,train/daisy/14221848160_7f0a37c395.jpg,daisy
81,train/daisy/4733590002_f6a70b4f48_n.jpg,daisy
82,train/daisy/34520690871_8fe693bc71_n.jpg,daisy
83,train/daisy/1396526833_fb867165be_n.jpg,daisy
84,train/daisy/8932490012_cc08e690ba_n.jpg,daisy
85,train/daisy/9094631844_1a6abca29e.jpg,daisy
86,train/daisy/4333085242_bbeb3e2841_m.jpg,daisy
87,train/daisy/34637394046_f85541735d_n.jpg,daisy
88,train/daisy/4657354814_f368762c53_m.jpg,daisy
89,train/daisy/2901376034_cdb4bac26b_m.jpg,daisy
90,train/daisy/909609509_a05ccb8127.jpg,daisy
91,train/daisy/4790631791_21e9648097_n.jpg,daisy
92,train/daisy/16025261368_911703a536_n.jpg,daisy
93,train/daisy/14921511479_7b0a647795.jpg,daisy
94,train/daisy/8322526877_95d1c0f8bc_n.jpg,daisy
95,train/daisy/34665595995_13f76d5b60_n.jpg,daisy
96,train/daisy/9242705328_eee8402a8d.jpg,daisy
97,train/daisy/5883162120_dc7274af76_n.jpg,daisy
98,train/daisy/3588872598_e0f9a1d2a1_m.jpg,daisy
99,train/daisy/34312496620_bc01a98aeb_n.jpg,daisy
100,train/daisy/2482982436_a2145359e0_n.jpg,daisy
101,train/daisy/9180706736_092d43088c.jpg,daisy
102,train/daisy/2573240560_ff7ffdd449.jpg,daisy
103,train/daisy/7189043225_2fe781439a_n.jpg,daisy
104,train/daisy/5626895440_97a0ec04c2_n.jpg,daisy
105,train/daisy/3699235066_fc09a02dfe_m.jpg,daisy
106,train/daisy/6299498346_b9774b6500.jpg,daisy
107,train/daisy/33849854704_d2a2415e4d_n.jpg,daisy
108,train/daisy/476856232_7c35952f40_n.jpg,daisy
109,train/daisy/14354051035_1037b30421_n.jpg,daisy
110,train/daisy/3963330924_6c6a3fa7be_n.jpg,daisy
111,train/daisy/3611577717_f3a7a8c416_n.jpg,daisy
112,train/daisy/13826249325_f61cb15f86_n.jpg,daisy
113,train/daisy/14507818175_05219b051c_m.jpg,daisy
114,train/daisy/2567033807_8e918c53d8_n.jpg,daisy
115,train/daisy/22873310415_3a5674ec10_m.jpg,daisy
116,train/daisy/4496202781_1d8e776ff5_n.jpg,daisy
117,train/daisy/7568630428_8cf0fc16ff_n.jpg,daisy
118,train/daisy/13953307149_f8de6a768c_m.jpg,daisy
119,train/daisy/34540176411_a35a19a8ef_n.jpg,daisy
120,train/daisy/530738000_4df7e4786b.jpg,daisy
121,train/daisy/34337108550_0b619aa726_n.jpg,daisy
122,train/daisy/2408024540_37f0be7cc0_n.jpg,daisy
123,train/daisy/2646438199_b309cffd65_n.jpg,daisy
124,train/daisy/19834392829_7d697871f6.jpg,daisy
125,train/daisy/14421389519_d5fd353eb4.jpg,daisy
126,train/daisy/16161045294_70c76ce846_n.jpg,daisy
127,train/daisy/5673551_01d1ea993e_n.jpg,daisy
128,train/daisy/2632216904_274aa17433.jpg,daisy
129,train/daisy/4820415253_15bc3b6833_n.jpg,daisy
130,train/daisy/5434914569_e9b982fde0_n.jpg,daisy
131,train/daisy/14330343061_99478302d4_m.jpg,daisy
132,train/daisy/5896674046_a4879f718e_n.jpg,daisy
133,train/daisy/16323838000_3818bce5c6_n.jpg,daisy
134,train/daisy/19280272025_57de24e940_m.jpg,daisy
135,train/daisy/4814515275_6e25a6c18f.jpg,daisy
136,train/daisy/525780443_bba812c26a_m.jpg,daisy
137,train/daisy/3848258315_ed2fde4fb4.jpg,daisy
138,train/daisy/34670512115_af22cce24d_n.jpg,daisy
139,train/daisy/16482676953_5296227d40_n.jpg,daisy
140,train/daisy/3703643767_dee82cdef9_n.jpg,daisy
141,train/daisy/7227973870_806d9d3e42_n.jpg,daisy
142,train/daisy/498159452_b71afd65ba.jpg,daisy
143,train/daisy/5626784099_b36dd3fb11_n.jpg,daisy
144,train/daisy/8619103877_d8c82c5f34_n.jpg,daisy
145,train/daisy/9054268881_19792c5203_n.jpg,daisy
146,train/daisy/19177263840_6a316ea639.jpg,daisy
147,train/daisy/7749368884_1fc58c67ff_n.jpg,daisy
148,train/daisy/3773181799_5def396456.jpg,daisy
149,train/daisy/13901930939_a7733c03f0_n.jpg,daisy
150,train/daisy/5869147563_66fb88119d.jpg,daisy
151,train/daisy/2057816617_18448093d0_n.jpg,daisy
152,train/daisy/3546455114_cd2dea5e02.jpg,daisy
153,train/daisy/5876455546_32049e5585.jpg,daisy
154,train/daisy/23095658544_7226386954_n.jpg,daisy
155,train/daisy/21402054779_759366efb0_n.jpg,daisy
156,train/daisy/34532930772_5cc5fc600d_n.jpg,daisy
157,train/daisy/2509545845_99e79cb8a2_n.jpg,daisy
158,train/daisy/2666572212_2caca8de9f_n.jpg,daisy
159,train/daisy/176375506_201859bb92_m.jpg,daisy
160,train/daisy/5700781400_65761f3fce.jpg,daisy
161,train/daisy/5896676090_68bb74b1e9_n.jpg,daisy
162,train/daisy/4065883015_4bb6010cb7_n.jpg,daisy
163,train/dandelion/461632542_0387557eff.jpg,dandelion
164,train/dandelion/4572738670_4787a11058_n.jpg,dandelion
165,train/dandelion/486234138_688e01aa9b_n.jpg,dandelion
166,train/dandelion/6146107825_45f708ecd7_n.jpg,dandelion
167,train/dandelion/4510350093_3700064215.jpg,dandelion
168,train/dandelion/19443674130_08db1d9578_m.jpg,dandelion
169,train/dandelion/5875763050_82f32f2eed_m.jpg,dandelion
170,train/dandelion/4254850910_0610224342_n.jpg,dandelion
171,train/dandelion/33882910234_dd8f1479e3_n.jpg,dandelion
172,train/dandelion/5613466853_e476bb080e.jpg,dandelion
173,train/dandelion/2019520447_48b2354a20_m.jpg,dandelion
174,train/dandelion/8831808134_315aedb37b.jpg,dandelion
175,train/dandelion/19812060274_c432f603db.jpg,dandelion
176,train/dandelion/16911008669_ea21fd8915_n.jpg,dandelion
177,train/dandelion/3454102259_957ecd0a9b.jpg,dandelion
178,train/dandelion/33851560384_d2e7d933db_n.jpg,dandelion
179,train/dandelion/4562516418_8ccb8c103f.jpg,dandelion
180,train/dandelion/2457473644_5242844e52_m.jpg,dandelion
181,train/dandelion/7291185504_b740bbeba4_m.jpg,dandelion
182,train/dandelion/34571238031_7eff74ca43_n.jpg,dandelion
183,train/dandelion/3419166382_a5e4b8fe6d_m.jpg,dandelion
184,train/dandelion/14576445793_582aa6446b_m.jpg,dandelion
185,train/dandelion/3509307596_6cfe97867d_n.jpg,dandelion
186,train/dandelion/14171812905_8b81d50eb9_n.jpg,dandelion
187,train/dandelion/18282528206_7fb3166041.jpg,dandelion
188,train/dandelion/4629844753_4e02015d29_m.jpg,dandelion
189,train/dandelion/33885269993_3968e1aacc_n.jpg,dandelion
190,train/dandelion/34365073265_246c5c0561_n.jpg,dandelion
191,train/dandelion/3372748508_e5a4eacfcb_n.jpg,dandelion
192,train/dandelion/5217892384_3edce91761_m.jpg,dandelion
193,train/dandelion/6019234426_d25ea1230a_m.jpg,dandelion
194,train/dandelion/3581252194_8c976d333a_n.jpg,dandelion
195,train/dandelion/1426682852_e62169221f_m.jpg,dandelion
196,train/dandelion/18304194360_2a4a0be631_m.jpg,dandelion
197,train/dandelion/2470731130_089b8514f6_n.jpg,dandelion
198,train/dandelion/3518608454_c3fd3c311c_m.jpg,dandelion
199,train/dandelion/4844697927_c70d644f40_n.jpg,dandelion
200,train/dandelion/5725836812_a7d1c5540d_m.jpg,dandelion
201,train/dandelion/142813254_20a7fd5fb6_n.jpg,dandelion
202,train/dandelion/14292205986_da230467ef.jpg,dandelion
203,train/dandelion/2502610598_b9f1b55ebd_n.jpg,dandelion
204,train/dandelion/17276354745_2e312a72b5_n.jpg,dandelion
205,train/dandelion/18215579866_94b1732f24.jpg,dandelion
206,train/dandelion/34653465656_31bc613631_n.jpg,dandelion
207,train/dandelion/3857059749_fe8ca621a9.jpg,dandelion
208,train/dandelion/20179380768_7a2990d4e3_n.jpg,dandelion
209,train/dandelion/9293460423_7fbb1e3c32_n.jpg,dandelion
210,train/dandelion/6060576850_984176cf4f_n.jpg,dandelion
211,train/dandelion/8797114213_103535743c_m.jpg,dandelion
212,train/dandelion/8642679391_0805b147cb_m.jpg,dandelion
213,train/dandelion/4624036600_11a4744254_n.jpg,dandelion
214,train/dandelion/34717754295_cbb0185a36_n.jpg,dandelion
215,train/dandelion/7280222348_a87725ca77.jpg,dandelion
216,train/dandelion/8681388520_c697dee897_n.jpg,dandelion
217,train/dandelion/33850973214_c1b4000d9c_n.jpg,dandelion
218,train/dandelion/2494436687_775402e0aa.jpg,dandelion
219,train/dandelion/7218569994_de7045c0c0.jpg,dandelion
220,train/dandelion/5673112305_02fe19297b_n.jpg,dandelion
221,train/dandelion/3562861685_8b8d747b4d.jpg,dandelion
222,train/dandelion/14886963928_d4856f1eb6_n.jpg,dandelion
223,train/dandelion/34679936936_9924d79c8d_n.jpg,dandelion
224,train/dandelion/8735646181_fa9787d4e0.jpg,dandelion
225,train/dandelion/5727534342_419604c177_n.jpg,dandelion
226,train/dandelion/13290033_ebd7c7abba_n.jpg,dandelion
227,train/dandelion/14070463051_86ab57ab36.jpg,dandelion
228,train/dandelion/14002252932_64d5cbdac7.jpg,dandelion
229,train/dandelion/4893356345_24d67eff9f_m.jpg,dandelion
230,train/dandelion/33849982914_0f017c8e3c_n.jpg,dandelion
231,train/dandelion/21657726011_2c94e341bc_n.jpg,dandelion
232,train/dandelion/3365850019_8158a161a8_n.jpg,dandelion
233,train/dandelion/5643666851_dc3f42399d_m.jpg,dandelion
234,train/dandelion/3198028825_fdfaa1d020.jpg,dandelion
235,train/dandelion/34725991045_05812dedd5_n.jpg,dandelion
236,train/dandelion/22274701614_901606ee34_n.jpg,dandelion
237,train/dandelion/14012247974_69ac128799.jpg,dandelion
238,train/dandelion/510677438_73e4b91c95_m.jpg,dandelion
239,train/dandelion/138166590_47c6cb9dd0.jpg,dandelion
240,train/dandelion/33914172633_592a6eb74f_n.jpg,dandelion
241,train/dandelion/15819121091_26a5243340_n.jpg,dandelion
242,train/dandelion/8978962053_0727b41d26.jpg,dandelion
243,train/dandelion/2608937632_cfd93bc7cd.jpg,dandelion
244,train/dandelion/3451079245_2139200d66_n.jpg,dandelion
245,train/dandelion/17077940105_d2cd7b9ec4_n.jpg,dandelion
246,train/dandelion/2294126841_e478564e77_n.jpg,dandelion
247,train/dandelion/13900486390_5a25785645_n.jpg,dandelion
248,train/dandelion/15378782362_4161b23af7_m.jpg,dandelion
249,train/dandelion/8497389500_45636fdd14.jpg,dandelion
250,train/dandelion/11595255065_d9550012fc.jpg,dandelion
251,train/dandelion/5598014250_684c28bd5c_n.jpg,dandelion
252,train/dandelion/34550871222_a9d795a2c0_n.jpg,dandelion
253,train/dandelion/8737699225_19e0c9f0fa_m.jpg,dandelion
254,train/dandelion/9646730031_f3d5014416_n.jpg,dandelion
255,train/dandelion/483097906_2c35054346.jpg,dandelion
256,train/dandelion/5909154147_9da14d1730_n.jpg,dandelion
257,train/dandelion/5862288632_1df5eb6dd0.jpg,dandelion
258,train/dandelion/34727715205_62c9c1ac44_n.jpg,dandelion
259,train/dandelion/18010259565_d6aae33ca7_n.jpg,dandelion
260,train/dandelion/4560613196_91a04f8dcf_m.jpg,dandelion
261,train/dandelion/8475758_4c861ab268_m.jpg,dandelion
262,train/dandelion/8980460785_b5e6842e59_n.jpg,dandelion
263,train/dandelion/18385846351_3a2bf60427_n.jpg,dandelion
264,train/dandelion/5654859907_c2be3b0f1e_n.jpg,dandelion
265,train/dandelion/4558536575_d43a611bd4_n.jpg,dandelion
266,train/dandelion/22196426956_eca94f6faa_m.jpg,dandelion
267,train/dandelion/13946048982_4e6ec56987.jpg,dandelion
268,train/dandelion/9111669902_9471c3a49c_n.jpg,dandelion
269,train/dandelion/5674707921_1ffd141bab_n.jpg,dandelion
270,train/dandelion/2503034372_db7867de51_m.jpg,dandelion
271,train/dandelion/18999743619_cec3f39bee.jpg,dandelion
272,train/dandelion/463736819_f779800165.jpg,dandelion
273,train/dandelion/176284193_8fa1710431_m.jpg,dandelion
274,train/dandelion/15547944931_c1e095b185.jpg,dandelion
275,train/dandelion/17619402434_15b2ec2d79.jpg,dandelion
276,train/dandelion/33924521963_48cdc4f455_n.jpg,dandelion
277,train/dandelion/141340262_ca2e576490.jpg,dandelion
278,train/dandelion/3662701865_3ff283a33a_n.jpg,dandelion
279,train/dandelion/34339792440_8224ca420d_n.jpg,dandelion
280,train/dandelion/4586018734_6de9c513c2.jpg,dandelion
281,train/dandelion/284497233_c19801752c.jpg,dandelion
282,train/dandelion/5760890854_c3e009bc8a_n.jpg,dandelion
283,train/dandelion/8756906129_b05a1b26f2.jpg,dandelion
284,train/dandelion/34699848885_a832ee03ab_n.jpg,dandelion
285,train/dandelion/33980437760_60f3ceaf03_n.jpg,dandelion
286,train/dandelion/34694287966_43ce068108_n.jpg,dandelion
287,train/dandelion/4574102507_70039c8b28.jpg,dandelion
288,train/dandelion/8691437509_9ac8441db7_n.jpg,dandelion
289,train/dandelion/7719263062_3c8a307a5d.jpg,dandelion
290,train/dandelion/3393060921_2328b752f4.jpg,dandelion
291,train/dandelion/14376454225_a1de336c5b.jpg,dandelion
292,train/dandelion/5024965767_230f140d60_n.jpg,dandelion
293,train/dandelion/80846315_d997645bea_n.jpg,dandelion
294,train/dandelion/8168031302_6e36f39d87.jpg,dandelion
295,train/dandelion/7950892504_33142110c2.jpg,dandelion
296,train/dandelion/3998275481_651205e02d.jpg,dandelion
297,train/dandelion/3530495617_fd84fb321a_m.jpg,dandelion
298,train/dandelion/17346385582_7ba433dbbe.jpg,dandelion
299,train/dandelion/8376558865_19c5cd6fd6_n.jpg,dandelion
300,train/dandelion/7448453384_fb9caaa9af_n.jpg,dandelion
301,train/dandelion/34586667251_bfda649f33_n.jpg,dandelion
302,train/dandelion/8979087213_28f572174c.jpg,dandelion
303,train/dandelion/5416388641_c66d52d2ff_m.jpg,dandelion
304,train/dandelion/34729107795_c746845e17_n.jpg,dandelion
305,train/dandelion/17649230811_9bdbbacb8c.jpg,dandelion
306,train/dandelion/33877161494_05686b7f7a_n.jpg,dandelion
307,train/dandelion/34604803411_99956ac67a_n.jpg,dandelion
308,train/dandelion/8632704230_ccafc5f7e2.jpg,dandelion
309,train/dandelion/4560663938_3557a1f831.jpg,dandelion
310,train/dandelion/5733004219_a0ba411bfa_n.jpg,dandelion
311,train/dandelion/8956863946_f96be02aae_n.jpg,dandelion
312,train/dandelion/14396023703_11c5dd35a9.jpg,dandelion
313,train/dandelion/34551360172_dde3b8e43d_n.jpg,dandelion
314,train/dandelion/7884440256_91c033732d.jpg,dandelion
315,train/dandelion/3459346147_faffff51c7_n.jpg,dandelion
316,train/dandelion/19067907051_16d530c7d2.jpg,dandelion
317,train/dandelion/5768217474_f6b1eef6d5_n.jpg,dandelion
318,train/dandelion/3483575184_cb8d16a083_n.jpg,dandelion
319,train/dandelion/2465573725_d78caca9d4_n.jpg,dandelion
320,train/dandelion/16949657389_ac0ee80fd1_m.jpg,dandelion
321,train/dandelion/3446018470_0c40e73ed6_m.jpg,dandelion
322,train/dandelion/15002906952_cab2cb29cf.jpg,dandelion
323,train/dandelion/4489359360_09db62f825.jpg,dandelion
324,train/dandelion/2472641499_cbe617a93d.jpg,dandelion
325,train/dandelion/17388697431_0d84c427d1_n.jpg,dandelion
326,train/dandelion/17047385027_8fd510e164_n.jpg,dandelion
327,train/dandelion/7243478942_30bf542a2d_m.jpg,dandelion
328,train/dandelion/5996421299_b9bf488c1a_n.jpg,dandelion
329,train/dandelion/2497301920_91490c42c0.jpg,dandelion
330,train/dandelion/19437578578_6ab1b3c984.jpg,dandelion
331,train/dandelion/138132145_782763b84f_m.jpg,dandelion
332,train/dandelion/29556932571_f124d8ac5d_n.jpg,dandelion
333,train/dandelion/18238604119_a5689980ee_n.jpg,dandelion
334,train/dandelion/4226758402_a1b75ce3ac_n.jpg,dandelion
335,train/dandelion/578938011_34918b1468.jpg,dandelion
336,train/dandelion/4632757134_40156d7d5b.jpg,dandelion
337,train/dandelion/2637883118_cf6ce37be4_n.jpg,dandelion
338,train/dandelion/7280221020_98b473b20d_n.jpg,dandelion
339,train/dandelion/33875742534_31b85d1b05_n.jpg,dandelion
340,train/dandelion/7226987694_34552c3115_n.jpg,dandelion
341,train/dandelion/16863587471_cc3a6ffb29_m.jpg,dandelion
342,train/dandelion/4574737576_044403a997_n.jpg,dandelion
343,train/dandelion/4164845062_1fd9b3f3b4.jpg,dandelion
344,train/dandelion/17047231499_bd66c23641.jpg,dandelion
345,train/dandelion/4650752466_ed088e0d85_n.jpg,dandelion
346,train/dandelion/9853885425_4a82356f1d_m.jpg,dandelion
347,train/dandelion/7141013005_d2f168c373.jpg,dandelion
348,train/dandelion/17831860736_3e44667bbb_n.jpg,dandelion
349,train/dandelion/17322195031_c2680809dc_m.jpg,dandelion
350,train/dandelion/34695057206_98de825612_n.jpg,dandelion
351,train/dandelion/3688128868_031e7b53e1_n.jpg,dandelion
352,train/dandelion/33875520194_09bff6f262_n.jpg,dandelion
353,train/dandelion/8684925862_d736e153bf_n.jpg,dandelion
354,train/dandelion/15139657325_74031c44fc.jpg,dandelion
355,train/dandelion/5607669502_ccd2a76668_n.jpg,dandelion
356,train/dandelion/27446317092_ff9bb852d5_n.jpg,dandelion
357,train/dandelion/17080000869_a80e767f4a_m.jpg,dandelion
358,train/dandelion/2683330456_0f7bbce110_m.jpg,dandelion
359,train/dandelion/1297972485_33266a18d9.jpg,dandelion
360,train/dandelion/33878218914_452600b869_n.jpg,dandelion
361,train/dandelion/8220011556_28e0cab67f.jpg,dandelion
362,train/dandelion/7262863194_682209e9fb.jpg,dandelion
363,train/dandelion/6985099958_5249a4688b.jpg,dandelion
364,train/dandelion/26741270544_f44f3a1b19_n.jpg,dandelion
365,train/dandelion/129019877_8eea2978ca_m.jpg,dandelion
366,train/dandelion/32558425090_d6b6e86d85_n.jpg,dandelion
367,train/dandelion/22190242684_8c3300d4e6.jpg,dandelion
368,train/dandelion/5607256228_2294c201b3.jpg,dandelion
369,train/dandelion/340190928_d77bf4d615.jpg,dandelion
370,train/dandelion/3998927705_af499a4f29.jpg,dandelion
371,train/dandelion/27166475803_f5503f51f8_n.jpg,dandelion
372,train/dandelion/2516714633_87f28f0314.jpg,dandelion
373,train/dandelion/284497199_93a01f48f6.jpg,dandelion
374,train/dandelion/34334194690_0dfe3d8701_n.jpg,dandelion
375,train/dandelion/14362539701_cf19e588ca.jpg,dandelion
376,train/dandelion/145173479_7d04346c20.jpg,dandelion
377,train/dandelion/34587934371_1a0429111e_n.jpg,dandelion
378,train/dandelion/19617425002_b914c1e2ab.jpg,dandelion
379,train/dandelion/6229634119_af5fec0a22.jpg,dandelion
380,train/dandelion/8327657321_2cbceec396_n.jpg,dandelion
381,train/dandelion/16656127943_2f70926b6c.jpg,dandelion
382,train/dandelion/8701999625_8d83138124.jpg,dandelion
383,train/dandelion/34549305152_15f407a771_n.jpg,dandelion
384,train/dandelion/18271576032_d7e2296de4_n.jpg,dandelion
385,train/dandelion/18276105805_d31d3f7e71.jpg,dandelion
386,train/dandelion/1386449001_5d6da6bde6.jpg,dandelion
387,train/dandelion/15297244181_011883a631_m.jpg,dandelion
388,train/dandelion/13967344688_aa629dcdee_n.jpg,dandelion
389,train/dandelion/13331969914_890082d898_n.jpg,dandelion
390,train/dandelion/140951103_69847c0b7c.jpg,dandelion
391,train/dandelion/14469481104_d0e29f7ffd.jpg,dandelion
392,train/dandelion/8915661673_9a1cdc3755_m.jpg,dandelion
393,train/dandelion/136011860_44ca0b2835_n.jpg,dandelion
394,train/dandelion/18876985840_7531dc8e6a.jpg,dandelion
395,train/dandelion/14093789753_f0f1acdb57.jpg,dandelion
396,train/dandelion/8980266062_8387f6cc89.jpg,dandelion
397,train/dandelion/5628515159_6b437ff1e5_n.jpg,dandelion
398,train/dandelion/34571561452_07ec474366_n.jpg,dandelion
399,train/dandelion/17821459748_873101edd0_m.jpg,dandelion
400,train/dandelion/16837594326_1056d875a4_m.jpg,dandelion
401,train/dandelion/33877749474_1fb8111daf_n.jpg,dandelion
402,train/dandelion/2469856983_fe8e36ba57.jpg,dandelion
403,train/dandelion/2634666217_d5ef87c9f7_m.jpg,dandelion
404,train/dandelion/16041975_2f6c1596e5.jpg,dandelion
405,train/dandelion/34311470786_5b2b5bea1d_n.jpg,dandelion
406,train/dandelion/8720503800_cab5c62a34.jpg,dandelion
407,train/dandelion/7425858848_d04dab08dd_n.jpg,dandelion
408,train/dandelion/18001393975_2a6acaabd8.jpg,dandelion
409,train/dandelion/16159487_3a6615a565_n.jpg,dandelion
410,train/dandelion/34234226791_63a2afc7ed_n.jpg,dandelion
411,train/dandelion/5109501167_2d9bbb0f27_m.jpg,dandelion
412,train/dandelion/33890085903_0e10553b27_n.jpg,dandelion
413,train/dandelion/33859759654_be0be6f876_n.jpg,dandelion
414,train/dandelion/2596413098_7ef69b7e1d_m.jpg,dandelion
415,train/dandelion/4944731313_023a0508fd_n.jpg,dandelion
416,train/dandelion/2597655841_07fb2955a4.jpg,dandelion
417,train/dandelion/5715788902_9dd2b4ef1d.jpg,dandelion
418,train/dandelion/16375088191_2bf2916b53.jpg,dandelion
419,train/dandelion/7465850028_cdfaae235a_n.jpg,dandelion
420,train/dandelion/6400843175_ef07053f8f_m.jpg,dandelion
421,train/dandelion/2502613166_2c231b47cb_n.jpg,dandelion
422,train/dandelion/7004645518_ff0f862eff_n.jpg,dandelion
423,train/dandelion/19064700925_b93d474e37.jpg,dandelion
424,train/dandelion/19599413676_fc9ee2640e.jpg,dandelion
425,train/dandelion/2831102668_eb65cd40b9_n.jpg,dandelion
426,train/dandelion/6972675188_37f1f1d6f6.jpg,dandelion
427,train/dandelion/8980145452_efbd6e3b04.jpg,dandelion
428,train/dandelion/11405573_24a8a838cc_n.jpg,dandelion
429,train/dandelion/34571582172_efa4946a45_n.jpg,dandelion
430,train/dandelion/139124974_9e3ba69f6c.jpg,dandelion
431,train/dandelion/34256868592_ca3ffd6b15_n.jpg,dandelion
432,train/dandelion/33881120324_552f677c1a_n.jpg,dandelion
433,train/dandelion/8963359346_65ca69c59d_n.jpg,dandelion
434,train/dandelion/3297108443_0393d04dfc_m.jpg,dandelion
435,train/dandelion/9029297232_de50698e2f_n.jpg,dandelion
436,train/dandelion/2625836599_03e192266f.jpg,dandelion
437,train/dandelion/4275776457_d04b597cfa_n.jpg,dandelion
438,train/dandelion/19622465055_2a62ebd504_m.jpg,dandelion
439,train/dandelion/2635422362_a1bf641547_m.jpg,dandelion
440,train/dandelion/2780702427_312333ef33.jpg,dandelion
441,train/dandelion/2389720627_8923180b19.jpg,dandelion
442,train/dandelion/14065420729_9b388bf7cb_m.jpg,dandelion
443,train/dandelion/18232119726_cef27eaaac_n.jpg,dandelion
444,train/dandelion/510897767_918260db93.jpg,dandelion
445,train/dandelion/34583574661_8010a1fdf4_n.jpg,dandelion
446,train/dandelion/5446666484_365f3be83a_n.jpg,dandelion
447,train/dandelion/34575269471_fe82b32aa9_n.jpg,dandelion
448,train/dandelion/4574451859_432c856b6e_n.jpg,dandelion
449,train/dandelion/4675287055_5938ed62c4.jpg,dandelion
450,train/dandelion/7267547016_c8903920bf.jpg,dandelion
451,train/dandelion/19617501581_606be5f716_n.jpg,dandelion
452,train/dandelion/34719957845_c929f480a3_n.jpg,dandelion
453,train/dandelion/1776290427_9d8d5be6ac.jpg,dandelion
454,train/dandelion/22785985545_95464115b0_m.jpg,dandelion
455,train/dandelion/8981659922_7b1be892e7_m.jpg,dandelion
456,train/dandelion/2477231067_3aecef1bf8_n.jpg,dandelion
457,train/dandelion/17688233756_21879104c1_n.jpg,dandelion
458,train/dandelion/34537877932_f9a3476a4d_n.jpg,dandelion
459,train/dandelion/4573886524_5161482ca7_n.jpg,dandelion
460,train/dandelion/4512569988_2b3f802cc6.jpg,dandelion
461,train/dandelion/14283011_3e7452c5b2_n.jpg,dandelion
462,train/dandelion/34690508115_bafcb9845c_n.jpg,dandelion
463,train/dandelion/7368449232_c99f49b2e6_n.jpg,dandelion
464,train/dandelion/14058811536_f29cd7bd58_n.jpg,dandelion
465,train/dandelion/494108764_e00178af6e.jpg,dandelion
466,train/dandelion/3476980444_c276bea402_m.jpg,dandelion
467,train/dandelion/3419172904_7708414ae9_n.jpg,dandelion
468,train/dandelion/34206776142_941d75c2ed_n.jpg,dandelion
469,train/dandelion/8058286066_acdf082487_n.jpg,dandelion
470,train/dandelion/10477378514_9ffbcec4cf_m.jpg,dandelion
471,train/dandelion/5140791232_52f2c5b41d_n.jpg,dandelion
472,train/dandelion/19626311985_58f1a79da3.jpg,dandelion
473,train/dandelion/13942846777_5571a6b0a1_n.jpg,dandelion
474,train/dandelion/2661585172_94707236be_m.jpg,dandelion
475,train/dandelion/17851831751_35b071f4b0.jpg,dandelion
476,train/dandelion/3357432116_b3dce6fed3_n.jpg,dandelion
477,train/dandelion/151385302_f8980a257f_n.jpg,dandelion
478,train/dandelion/7197581386_8a51f1bb12_n.jpg,dandelion
479,train/dandelion/34728513735_ebb4b179eb_n.jpg,dandelion
480,train/dandelion/15123503538_8ee984abc6.jpg,dandelion
481,train/dandelion/5110104894_a52c685516_n.jpg,dandelion
482,train/dandelion/8727612532_6f3d0904aa_n.jpg,dandelion
483,train/dandelion/4654848357_9549351e0b_n.jpg,dandelion
484,train/dandelion/14886860069_b84665a073.jpg,dandelion
485,train/dandelion/3465599902_14729e2b1b_n.jpg,dandelion
486,train/dandelion/808239968_318722e4db.jpg,dandelion
487,train/dandelion/2535769822_513be6bbe9.jpg,dandelion
488,train/dandelion/19426575569_4b53c0b726.jpg,dandelion
489,train/dandelion/4691257171_23a29aaa33_n.jpg,dandelion
490,train/dandelion/253622055_d72964a7fd_n.jpg,dandelion
491,train/dandelion/13807932364_673b7f1c1c_n.jpg,dandelion
492,train/dandelion/3823142577_dd5acd5ac6_n.jpg,dandelion
493,train/dandelion/33876197394_c7a9487a9f_n.jpg,dandelion
494,train/dandelion/34662996866_af256e8f10_n.jpg,dandelion
495,train/dandelion/5045509402_6e052ce443.jpg,dandelion
496,train/dandelion/8689302100_be76a16ccc_n.jpg,dandelion
497,train/dandelion/14368895004_c486a29c1e_n.jpg,dandelion
498,train/dandelion/34323645656_afd53a9996_n.jpg,dandelion
499,train/dandelion/34527583252_79aafda601_n.jpg,dandelion
500,train/dandelion/14076873230_d0bd53b220.jpg,dandelion
501,train/dandelion/33857437664_f2ddb77592_n.jpg,dandelion
502,train/dandelion/16953818045_fea21c8bf8.jpg,dandelion
503,train/dandelion/34721329895_529f999fb6_n.jpg,dandelion
504,train/dandelion/33071081032_a6a1e4b311_n.jpg,dandelion
505,train/dandelion/14060367700_fe87e99b6a_m.jpg,dandelion
506,train/dandelion/34700475225_fbc12d0834_n.jpg,dandelion
507,train/dandelion/13471273823_4800ca8eec.jpg,dandelion
508,train/dandelion/3469112805_6cc8640236.jpg,dandelion
509,train/dandelion/10828951106_c3cd47983f.jpg,dandelion
510,train/dandelion/29138994986_267e0e36c9_n.jpg,dandelion
511,train/dandelion/8749577087_dc2521615f_n.jpg,dandelion
512,train/dandelion/8969938579_4c2032dd96_n.jpg,dandelion
513,train/dandelion/570127230_ce409f90f8_n.jpg,dandelion
514,train/dandelion/478851599_25bfd70605_n.jpg,dandelion
515,train/dandelion/13968424321_1d89b33a9f_n.jpg,dandelion
516,train/dandelion/17029965300_8e755c2214_n.jpg,dandelion
517,train/dandelion/34719559905_46ba779d79_n.jpg,dandelion
518,train/dandelion/3021333497_b927cd8596.jpg,dandelion
519,train/dandelion/4862011506_4faf6d127e_n.jpg,dandelion
520,train/dandelion/9200211647_be34ce978b.jpg,dandelion
521,train/dandelion/17388674711_6dca8a2e8b_n.jpg,dandelion
522,train/dandelion/7164500544_332b75aa3b.jpg,dandelion
523,train/dandelion/8270191872_61e47ae3b8_m.jpg,dandelion
524,train/dandelion/3539077354_c67aa7168d_m.jpg,dandelion
525,train/dandelion/11545123_50a340b473_m.jpg,dandelion
526,train/dandelion/8663932737_0a603ab718_n.jpg,dandelion
527,train/dandelion/5608832856_f5d49de778.jpg,dandelion
528,train/dandelion/751941983_58e1ae3957_m.jpg,dandelion
529,train/dandelion/33913495873_b582be4fdf_n.jpg,dandelion
530,train/dandelion/11296320473_1d9261ddcb.jpg,dandelion
531,train/dandelion/3398195641_456872b48b_n.jpg,dandelion
532,train/dandelion/34351608230_f95038a5a4_n.jpg,dandelion
533,train/dandelion/5744236092_de84b4e38d_n.jpg,dandelion
534,train/dandelion/4574447682_40dce530f1.jpg,dandelion
535,train/dandelion/4676527148_d701b9202f_n.jpg,dandelion
536,train/dandelion/9818247_e2eac18894.jpg,dandelion
537,train/dandelion/8842482175_92a14b4934_m.jpg,dandelion
538,train/dandelion/8533312924_ee09412645_n.jpg,dandelion
539,train/dandelion/6983120596_8b9f084ac2_n.jpg,dandelion
540,train/dandelion/8223949_2928d3f6f6_n.jpg,dandelion
541,train/dandelion/3464015936_6845f46f64.jpg,dandelion
542,train/dandelion/13652698934_d258a6ee8c.jpg,dandelion
543,train/dandelion/2335702923_decb9a860b_m.jpg,dandelion
544,train/dandelion/14313509432_6f2343d6c8_m.jpg,dandelion
545,train/dandelion/8707349105_6d06b543b0.jpg,dandelion
546,train/dandelion/18587334446_ef1021909b_n.jpg,dandelion
547,train/dandelion/16691236594_4287cea9d6_n.jpg,dandelion
548,train/dandelion/4669006062_6b3d260037_n.jpg,dandelion
549,train/dandelion/8929523512_c87897b84e.jpg,dandelion
550,train/dandelion/10777398353_5a20bb218c.jpg,dandelion
551,train/dandelion/33904560113_497239a68f_n.jpg,dandelion
552,train/dandelion/13916196427_50a611008f.jpg,dandelion
553,train/dandelion/19551343814_48f764535f_m.jpg,dandelion
554,train/rose/5001848317_b33d17ab7a_n.jpg,rose
555,train/rose/4860145119_b1c3cbaa4e_n.jpg,rose
556,train/rose/17990320484_93bba345d2_m.jpg,rose
557,train/rose/18599603859_f2ec616ddf_n.jpg,rose
558,train/rose/8523394349_61b31fdd8f_m.jpg,rose
559,train/rose/15978010566_5fa5905af1_n.jpg,rose
560,train/rose/3697780051_83e50a6dd1_m.jpg,rose
561,train/rose/1461381091_aaaa663bbe_n.jpg,rose
562,train/rose/12323085443_8ac0cdb713_n.jpg,rose
563,train/rose/1446090416_f0cad5fde4.jpg,rose
564,train/rose/5002452834_167883dbcf_n.jpg,rose
565,train/rose/6111589202_8b9555364c_m.jpg,rose
566,train/rose/5083072098_81587295d5.jpg,rose
567,train/rose/7455236056_b6d71a8dab.jpg,rose
568,train/rose/2888138918_402096c7fb.jpg,rose
569,train/rose/2501297526_cbd66a3f7e_m.jpg,rose
570,train/rose/2414954629_3708a1a04d.jpg,rose
571,train/rose/5001850247_33681cc95c_n.jpg,rose
572,train/rose/5349251139_92539c279a_n.jpg,rose
573,train/rose/2258973326_03c0145f15_n.jpg,rose
574,train/rose/14172324538_2147808483_n.jpg,rose
575,train/rose/509239741_28e2cfe492_m.jpg,rose
576,train/rose/8622493424_877ae35ed7.jpg,rose
577,train/rose/18490508225_0fc630e963_n.jpg,rose
578,train/rose/5349250331_05501d6557_n.jpg,rose
579,train/rose/2491600761_7e9d6776e8_m.jpg,rose
580,train/rose/8279801891_5369a6c3c1_n.jpg,rose
581,train/rose/6363951285_a802238d4e.jpg,rose
582,train/rose/5529341024_0c35f2657d.jpg,rose
583,train/rose/8516036987_8a06dfe1b5_n.jpg,rose
584,train/rose/5336545886_7b93463c06_n.jpg,rose
585,train/rose/15811411368_f4f2cd8873_n.jpg,rose
586,train/rose/5060536705_b370a5c543_n.jpg,rose
587,train/rose/12406229175_82e2ac649c_n.jpg,rose
588,train/rose/9423755543_edb35141a3_n.jpg,rose
589,train/rose/3494252600_29f26e3ff0_n.jpg,rose
590,train/rose/16643944275_3cd4cd966c.jpg,rose
591,train/rose/16772483324_09f24813a1_n.jpg,rose
592,train/rose/7461878736_a55f749faf_n.jpg,rose
593,train/rose/16670921315_0fc48d7ab2_n.jpg,rose
594,train/rose/5335944839_a3b6168534_n.jpg,rose
595,train/rose/5349865018_99cd7f985a_n.jpg,rose
596,train/rose/4325834819_ab56661dcc_m.jpg,rose
597,train/rose/18492296751_0bf021da9b_n.jpg,rose
598,train/rose/4797595918_79887b1229_n.jpg,rose
599,train/rose/12572786553_634868f7f2_n.jpg,rose
600,train/rose/218630974_5646dafc63_m.jpg,rose
601,train/rose/14687731322_5613f76353.jpg,rose
602,train/rose/5002453814_cf37b62acd_n.jpg,rose
603,train/rose/483444865_65962cea07_m.jpg,rose
604,train/rose/850416050_31b3ff7086.jpg,rose
605,train/rose/4809566219_88f9a1aea3.jpg,rose
606,train/rose/4951581805_b049304f1b_n.jpg,rose
607,train/rose/2535495431_e6f950443c.jpg,rose
608,train/rose/7470985338_a1f3bba601_n.jpg,rose
609,train/rose/7461897646_3203dbe067_n.jpg,rose
610,train/rose/102501987_3cdb8e5394_n.jpg,rose
611,train/rose/8063462557_e0a8bd6c64_n.jpg,rose
612,train/rose/17869846573_d6c9c39843_n.jpg,rose
613,train/rose/5335946401_f49bfbe3f9_n.jpg,rose
614,train/rose/4625089819_55c45a189c.jpg,rose
615,train/rose/7474126688_5f888ace5b_n.jpg,rose
616,train/rose/16552686350_db8db55cd2.jpg,rose
617,train/rose/4900231976_f8ced2b42a_n.jpg,rose
618,train/rose/9337528427_3d09b7012b.jpg,rose
619,train/rose/5002447916_8a7b7b689a_n.jpg,rose
620,train/rose/2735666555_01d53e74fe.jpg,rose
621,train/rose/14573732424_1bb91e2e42_n.jpg,rose
622,train/rose/505517255_cfbb6f6394.jpg,rose
623,train/rose/5537794501_a0767743fd_n.jpg,rose
624,train/rose/6231418894_7946a7712b_n.jpg,rose
625,train/rose/5001847439_83e02981e8_n.jpg,rose
626,train/rose/5001853887_0623dd2111_n.jpg,rose
627,train/rose/7461897058_3c955efe2a_n.jpg,rose
628,train/rose/5961803532_9368212949_m.jpg,rose
629,train/rose/7456611336_52fec6b57e_n.jpg,rose
630,train/rose/4242976586_607a8f9843_n.jpg,rose
631,train/rose/7456196174_f9de97ba73_n.jpg,rose
632,train/rose/18376177250_86060cbdc9.jpg,rose
633,train/rose/14381787252_e8e12e277a_n.jpg,rose
634,train/rose/5001843683_ac3e5f2c87_n.jpg,rose
635,train/rose/14880561916_79aeb812fd_n.jpg,rose
636,train/rose/3065719996_c16ecd5551.jpg,rose
637,train/rose/18584002386_cec0df537d_n.jpg,rose
638,train/rose/12407768513_3440238148_n.jpg,rose
639,train/rose/5060519573_c628547e20_n.jpg,rose
640,train/rose/118974357_0faa23cce9_n.jpg,rose
641,train/rose/5335935851_53634d6aed_n.jpg,rose
642,train/rose/5335935585_e4a8435aab_n.jpg,rose
643,train/rose/20851336110_b17107948d_n.jpg,rose
644,train/rose/12165480946_c4a3fe182d_n.jpg,rose
645,train/rose/2265579414_2e00a8f265_n.jpg,rose
646,train/rose/298670754_f25edda891.jpg,rose
647,train/rose/13929462317_96342a9a44.jpg,rose
648,train/rose/5502949025_96d11a17ff_n.jpg,rose
649,train/rose/23096513535_f41ddfec19_n.jpg,rose
650,train/rose/5001858821_731d128f20_n.jpg,rose
651,train/rose/5570018782_c56bee942f.jpg,rose
652,train/rose/515121050_dcb99890be.jpg,rose
653,train/rose/5001856089_4cf8e9c818_n.jpg,rose
654,train/rose/6255593451_b8a3aa8f7a_m.jpg,rose
655,train/rose/18302780950_9469703544_n.jpg,rose
656,train/rose/7456196534_f69c17efa3_n.jpg,rose
657,train/rose/17291930305_79deae6a90_n.jpg,rose
658,train/rose/272481307_1eb47ba3e0_n.jpg,rose
659,train/rose/1562198683_8cd8cb5876_n.jpg,rose
660,train/rose/7456197696_7e1558cc22_n.jpg,rose
661,train/rose/5001852517_6a8713ffe2_n.jpg,rose
662,train/rose/6950609394_c53b8c6ac0_m.jpg,rose
663,train/rose/14943194730_f48b4d4547_n.jpg,rose
664,train/rose/16155980245_6ab8d7b888.jpg,rose
665,train/rose/3971662839_5cb2963b20_n.jpg,rose
666,train/rose/18486146942_e09ecd0e25_n.jpg,rose
667,train/rose/3465443774_6b0c75a3b1_n.jpg,rose
668,train/rose/3948347096_42261f047a_m.jpg,rose
669,train/rose/18220342690_f1c20134bd.jpg,rose
670,train/rose/5349861636_4101a36923_n.jpg,rose
671,train/rose/4356781875_92c5cd93c0.jpg,rose
672,train/rose/1775233884_12ff5a124f.jpg,rose
673,train/rose/5398569540_7d134c42cb_n.jpg,rose
674,train/rose/16018886851_c32746cb72.jpg,rose
675,train/rose/23232710191_cc57620cd5.jpg,rose
676,train/rose/7481117422_66e73115ac_n.jpg,rose
677,train/rose/494803274_f84f21d53a.jpg,rose
678,train/rose/5088766459_f81f50e57d_n.jpg,rose
679,train/rose/3634244527_e72c47842c_n.jpg,rose
680,train/rose/1469726748_f359f4a8c5.jpg,rose
681,train/rose/14221192676_eb8c89a7d6_n.jpg,rose
682,train/rose/5335945309_852d018a27_n.jpg,rose
683,train/rose/5349249933_f02c8ea7de_n.jpg,rose
684,train/rose/10090824183_d02c613f10_m.jpg,rose
685,train/rose/1949195327_75f76c12b1.jpg,rose
686,train/rose/7481119180_7be71a322a_n.jpg,rose
687,train/rose/15822837396_96b392fda8_m.jpg,rose
688,train/rose/4694341873_65fe187a4e_n.jpg,rose
689,train/rose/5002447434_9b06760f63_n.jpg,rose
690,train/rose/5002446424_b86e3c646f_n.jpg,rose
691,train/rose/7409458444_0bfc9a0682_n.jpg,rose
692,train/rose/8692040971_826614516f_n.jpg,rose
693,train/rose/16525204061_9b47be3726_m.jpg,rose
694,train/rose/4553266758_09d4dbdac9_n.jpg,rose
695,train/rose/3550491463_3eb092054c_m.jpg,rose
696,train/rose/4396642388_3081a38875_n.jpg,rose
697,train/rose/2960709681_e95940c0f0_n.jpg,rose
698,train/rose/5206847130_ee4bf0e4de_n.jpg,rose
699,train/rose/5349861432_96137002c4_n.jpg,rose
700,train/rose/568715474_bdb64ccc32.jpg,rose
701,train/rose/9298314004_c1a8146521.jpg,rose
702,train/rose/5156037859_1673720a11_m.jpg,rose
703,train/rose/8032328803_30afac8b07_m.jpg,rose
704,train/rose/16374919860_4e445de29f_n.jpg,rose
705,train/rose/5349249729_be6b2cac86_n.jpg,rose
706,train/rose/8853083579_dd1dfa3188.jpg,rose
707,train/rose/16643785404_284c6c23fe_n.jpg,rose
708,train/rose/5180896559_b8cfefc21e.jpg,rose
709,train/rose/18492322571_3b99e55560_n.jpg,rose
710,train/rose/14683774134_6367640585.jpg,rose
711,train/rose/9614492283_66020fb4eb_n.jpg,rose
712,train/rose/17291451621_0e39f08b9e_n.jpg,rose
713,train/rose/1788484468_f73afa6c32_n.jpg,rose
714,train/rose/2053476785_c162a3e358.jpg,rose
715,train/rose/16157873719_bf0bdf8558_n.jpg,rose
716,train/rose/18302691898_9dc45afae8_n.jpg,rose
717,train/rose/7471890644_92a004ea92_n.jpg,rose
718,train/rose/3451177763_729a4d54af_n.jpg,rose
719,train/rose/3705716290_cb7d803130_n.jpg,rose
720,train/rose/8394286483_69fe04cc7f.jpg,rose
721,train/rose/5002452576_f61a48b2e3_n.jpg,rose
722,train/rose/394990940_7af082cf8d_n.jpg,rose
723,train/rose/15424480096_45bb574b33.jpg,rose
724,train/rose/5292988046_a10f4b0365_n.jpg,rose
725,train/rose/8926641787_d2515dfe8f_m.jpg,rose
726,train/rose/11233672494_d8bf0a3dbf_n.jpg,rose
727,train/rose/6864417932_36fa4ceecf_n.jpg,rose
728,train/rose/5398974188_799753449c.jpg,rose
729,train/rose/7474125638_332be2863e_n.jpg,rose
730,train/sunflower/8021568040_f891223c44_n.jpg,sunflower
731,train/sunflower/8928614683_6c168edcfc.jpg,sunflower
732,train/sunflower/2307673262_e1e1aefd29.jpg,sunflower
733,train/sunflower/14969295739_c132a08663_n.jpg,sunflower
734,train/sunflower/2588234269_c4bfd0d8b9_n.jpg,sunflower
735,train/sunflower/9564240106_0577e919da_n.jpg,sunflower
736,train/sunflower/969913643_9d5cd2fe45_m.jpg,sunflower
737,train/sunflower/15118397087_bfb7ea70d5_n.jpg,sunflower
738,train/sunflower/9431896325_23bf6e8761.jpg,sunflower
739,train/sunflower/3951246342_930138610b_n.jpg,sunflower
740,train/sunflower/4933823194_33f6e32c5a.jpg,sunflower
741,train/sunflower/3146795631_d062f233c1.jpg,sunflower
742,train/sunflower/3514340206_efb8198a80_n.jpg,sunflower
743,train/sunflower/14472246629_72373111e6_m.jpg,sunflower
744,train/sunflower/2067882323_8de6623ffd.jpg,sunflower
745,train/sunflower/19453165201_2aa747e0bf.jpg,sunflower
746,train/sunflower/15122112402_cafa41934f.jpg,sunflower
747,train/sunflower/1314584013_fe935fdeb1_n.jpg,sunflower
748,train/sunflower/14623720226_aeeac66e0a_n.jpg,sunflower
749,train/sunflower/6606809995_edee55b770_m.jpg,sunflower
750,train/sunflower/6140892289_92805cc590.jpg,sunflower
751,train/sunflower/2598973480_07de93e91d_n.jpg,sunflower
752,train/sunflower/10862313945_e8ed9202d9_m.jpg,sunflower
753,train/sunflower/4895721242_89014e723c_n.jpg,sunflower
754,train/sunflower/4414083164_3f285f8ac5.jpg,sunflower
755,train/sunflower/3001533700_1c62fb8b4a_n.jpg,sunflower
756,train/sunflower/200557983_10a88672fc.jpg,sunflower
757,train/sunflower/14144522269_bc20029375_m.jpg,sunflower
758,train/sunflower/6482016439_b0d06dac04.jpg,sunflower
759,train/sunflower/6122711533_2c219f0392_n.jpg,sunflower
760,train/sunflower/4932144003_cbffc89bf0.jpg,sunflower
761,train/sunflower/4805544785_a63241f6d0_n.jpg,sunflower
762,train/sunflower/4806174512_e04475b766_n.jpg,sunflower
763,train/sunflower/9381481549_5a5d503e42_n.jpg,sunflower
764,train/sunflower/9825716455_f12bcc8d4e_n.jpg,sunflower
765,train/sunflower/1217254584_4b3028b93d.jpg,sunflower
766,train/sunflower/7012364067_5ffc7654c9_m.jpg,sunflower
767,train/sunflower/21984860006_20dfacea1c_m.jpg,sunflower
768,train/sunflower/184682652_c927a49226_m.jpg,sunflower
769,train/sunflower/6056460102_f5569092a6_n.jpg,sunflower
770,train/sunflower/5979111555_61b400c070_n.jpg,sunflower
771,train/sunflower/9481563239_01b585b41d_n.jpg,sunflower
772,train/sunflower/20972866151_e6a928b00a.jpg,sunflower
773,train/sunflower/4664767140_fe01231322_n.jpg,sunflower
774,train/sunflower/4625255191_26e17a28c9_n.jpg,sunflower
775,train/sunflower/14121915990_4b76718077_m.jpg,sunflower
776,train/sunflower/3832945398_96509d192b.jpg,sunflower
777,train/sunflower/3568925290_faf7aec3a0.jpg,sunflower
778,train/sunflower/7721658400_0dec46d225.jpg,sunflower
779,train/sunflower/19784656639_cd7f0a4a26_m.jpg,sunflower
780,train/sunflower/20148493928_9f75a99783.jpg,sunflower
781,train/sunflower/6080086410_17a02dcfb8.jpg,sunflower
782,train/sunflower/2443095419_17b920d155_m.jpg,sunflower
783,train/sunflower/8202034834_ee0ee91e04_n.jpg,sunflower
784,train/sunflower/10386522775_4f8c616999_m.jpg,sunflower
785,train/sunflower/4664737020_b4c61aacd3_n.jpg,sunflower
786,train/sunflower/5956627065_075880a1cc_n.jpg,sunflower
787,train/sunflower/2720698862_486d3ec079_m.jpg,sunflower
788,train/sunflower/15240466871_ec45b65554_m.jpg,sunflower
789,train/sunflower/8081530919_c882d46bb0_n.jpg,sunflower
790,train/sunflower/3766264038_ea701c7131_n.jpg,sunflower
791,train/sunflower/6140661443_bb48344226.jpg,sunflower
792,train/sunflower/15683877266_42e0fe3782_n.jpg,sunflower
793,train/sunflower/20407896403_a50fef58ac_n.jpg,sunflower
794,train/sunflower/2807106374_f422b5f00c.jpg,sunflower
795,train/sunflower/127192624_afa3d9cb84.jpg,sunflower
796,train/sunflower/5042785753_392cc4e74d_n.jpg,sunflower
797,train/sunflower/3893436870_034b79d118_n.jpg,sunflower
798,train/sunflower/15380755137_a2e67839ab_m.jpg,sunflower
799,train/sunflower/34572755322_b43e90cae2_n.jpg,sunflower
800,train/sunflower/9448615838_04078d09bf_n.jpg,sunflower
801,train/sunflower/18097401209_910a46fae1_n.jpg,sunflower
802,train/sunflower/34312487015_66a635fd71_n.jpg,sunflower
803,train/sunflower/6145005439_ef6e07f9c6_n.jpg,sunflower
804,train/sunflower/15218871222_c104032ca1.jpg,sunflower
805,train/sunflower/22416421196_caf131c9fa_m.jpg,sunflower
806,train/sunflower/5556633113_0a04f5ed8a_n.jpg,sunflower
807,train/sunflower/4746638094_f5336788a0_n.jpg,sunflower
808,train/sunflower/197011740_21825de2bf.jpg,sunflower
809,train/sunflower/20171662239_f69b6c12bd_n.jpg,sunflower
810,train/sunflower/6958724008_12259943a7.jpg,sunflower
811,train/sunflower/20812318934_82f10c45a1_n.jpg,sunflower
812,train/sunflower/4932736308_827012cff2.jpg,sunflower
813,train/sunflower/5917253022_4e3142d48b_n.jpg,sunflower
814,train/sunflower/14741907467_fab96f3b2b_n.jpg,sunflower
815,train/sunflower/7581713708_8eae6794f2.jpg,sunflower
816,train/sunflower/7510240282_87554c7418_n.jpg,sunflower
817,train/sunflower/22429146402_332fa2fc72_m.jpg,sunflower
818,train/sunflower/9558627290_353a14ba0b_m.jpg,sunflower
819,train/sunflower/8174935717_d19367d502.jpg,sunflower
820,train/sunflower/14858674096_ed0fc1a130.jpg,sunflower
821,train/sunflower/10386702973_e74a34c806_n.jpg,sunflower
822,train/sunflower/3920137864_e922ab25b4_n.jpg,sunflower
823,train/sunflower/21821266773_7113d34c35_m.jpg,sunflower
824,train/sunflower/3683873444_be4a609c46.jpg,sunflower
825,train/sunflower/4745980581_a0b7585258_n.jpg,sunflower
826,train/sunflower/26254755_1bfc494ef1_n.jpg,sunflower
827,train/sunflower/28661674053_44f8034570_n.jpg,sunflower
828,train/sunflower/2823659190_afdabee45c.jpg,sunflower
829,train/sunflower/4895718876_0246882882_n.jpg,sunflower
830,train/sunflower/4341530649_c17bbc5d01.jpg,sunflower
831,train/sunflower/5339004958_a0a6f385fd_m.jpg,sunflower
832,train/sunflower/4798378647_ca199b18c0_n.jpg,sunflower
833,train/sunflower/5076821914_c21b58fd4c_m.jpg,sunflower
834,train/sunflower/4895719476_bd3b6bd6fd_n.jpg,sunflower
835,train/sunflower/9359374034_21fb12d613_n.jpg,sunflower
836,train/sunflower/5139977579_ea2dd6a322_m.jpg,sunflower
837,train/sunflower/2678588376_6ca64a4a54_n.jpg,sunflower
838,train/sunflower/5015462205_440898fe41_n.jpg,sunflower
839,train/sunflower/44079668_34dfee3da1_n.jpg,sunflower
840,train/sunflower/1240625276_fb3bd0c7b1.jpg,sunflower
841,train/sunflower/5139977283_530c508603_n.jpg,sunflower
842,train/sunflower/15495579081_661cb260d1_n.jpg,sunflower
843,train/sunflower/15072973261_73e2912ef2_n.jpg,sunflower
844,train/sunflower/8014735546_3db46bb1fe_n.jpg,sunflower
845,train/sunflower/6627521877_6e43fb3c49_m.jpg,sunflower
846,train/sunflower/4821232343_7e0bcfbfdf_n.jpg,sunflower
847,train/sunflower/7369484298_332f69bd88_n.jpg,sunflower
848,train/sunflower/4868595281_1e58083785.jpg,sunflower
849,train/sunflower/2694860538_b95d60122c_m.jpg,sunflower
850,train/sunflower/5027895361_ace3b731e5_n.jpg,sunflower
851,train/sunflower/5956626941_2885465093_n.jpg,sunflower
852,train/sunflower/7820305664_82148f3bfb_n.jpg,sunflower
853,train/sunflower/9111896677_ff0b6fa6f6_n.jpg,sunflower
854,train/sunflower/2767688889_b176b0c3fb.jpg,sunflower
855,train/sunflower/145303599_2627e23815_n.jpg,sunflower
856,train/sunflower/14623719696_1bb7970208_n.jpg,sunflower
857,train/sunflower/5043404000_9bc16cb7e5_m.jpg,sunflower
858,train/sunflower/164670455_29d8e02bbd_n.jpg,sunflower
859,train/sunflower/3888908087_462d0045f2_n.jpg,sunflower
860,train/sunflower/21374127408_5ffbe87bb2.jpg,sunflower
861,train/sunflower/9538283930_0faea083bb_n.jpg,sunflower
862,train/sunflower/2816256710_a2d3616fae.jpg,sunflower
863,train/sunflower/20965412955_2c640b13bd.jpg,sunflower
864,train/sunflower/8174935013_b16626b49b.jpg,sunflower
865,train/sunflower/14678298676_6db8831ee6_m.jpg,sunflower
866,train/sunflower/9483429732_5ae73eb672_n.jpg,sunflower
867,train/sunflower/2706736074_b0fba20b3e.jpg,sunflower
868,train/tulip/5700466891_2bcb17fa68_n.jpg,tulip
869,train/tulip/14087792403_f34f37ba3b_m.jpg,tulip
870,train/tulip/16282277874_b92776b194.jpg,tulip
871,train/tulip/8748266132_5298a91dcf_n.jpg,tulip
872,train/tulip/16303377824_6e9128b4bd.jpg,tulip
873,train/tulip/9870557734_88eb3b9e3b_n.jpg,tulip
874,train/tulip/4604238410_bcec9da4a0_n.jpg,tulip
875,train/tulip/8713397694_bcbcbba2c2_n.jpg,tulip
876,train/tulip/25429501953_a1f9ce09e6_n.jpg,tulip
877,train/tulip/518256494_368a72db37.jpg,tulip
878,train/tulip/25759191500_1c0da35828_n.jpg,tulip
879,train/tulip/8713387500_6a9138b41b_n.jpg,tulip
880,train/tulip/251811158_75fa3034ff.jpg,tulip
881,train/tulip/480228053_513791d474.jpg,tulip
882,train/tulip/8838983024_5c1a767878_n.jpg,tulip
883,train/tulip/8628453641_6f87755815_m.jpg,tulip
884,train/tulip/3626132563_d955973447_n.jpg,tulip
885,train/tulip/6931674908_8e93bd4554.jpg,tulip
886,train/tulip/18270448366_d5676dec64_z.jpg,tulip
887,train/tulip/20116517681_2f10db9e82_n.jpg,tulip
888,train/tulip/8619064872_dea79a9eb9.jpg,tulip
889,train/tulip/13956300996_07e64a3dbd_n.jpg,tulip
890,train/tulip/8697784345_e75913d220.jpg,tulip
891,train/tulip/3502615974_ef4bd13202_n.jpg,tulip
892,train/tulip/5718512892_a175a94c45_n.jpg,tulip
893,train/tulip/2785458179_9130812eef_m.jpg,tulip
894,train/tulip/5660551500_b57307ef4d_n.jpg,tulip
895,train/tulip/20692436712_75b2deaedf_n.jpg,tulip
896,train/tulip/19722589898_233a0235af_n.jpg,tulip
897,train/tulip/510698601_9f61d6f8d8.jpg,tulip
898,train/tulip/2399982682_16929d1f6d_n.jpg,tulip
899,train/tulip/5718510894_95990c47af_n.jpg,tulip
900,train/tulip/17908793211_ff0f1f81d3_n.jpg,tulip
901,train/tulip/26685647236_8211cb3e95_n.jpg,tulip
902,train/tulip/16506668270_b823935dc3.jpg,tulip
903,train/tulip/13529687904_3d60abb479_n.jpg,tulip
904,train/tulip/6227136437_6117068599_m.jpg,tulip
905,train/tulip/16755090222_d6797d51db_n.jpg,tulip
906,train/tulip/2232289392_9a79a0c5cb_n.jpg,tulip
907,train/tulip/4520582070_d14a14f038.jpg,tulip
908,train/tulip/132538272_63658146d9_n.jpg,tulip
909,train/tulip/3529889389_ab4cb6c43b.jpg,tulip
910,train/tulip/6958342976_a4a9483488_n.jpg,tulip
911,train/tulip/7806320016_fcddfc1f8f_n.jpg,tulip
912,train/tulip/5718513354_673b6e8306_n.jpg,tulip
913,train/tulip/8817622133_a42bb90e38_n.jpg,tulip
914,train/tulip/16283125269_4cfae953f1.jpg,tulip
915,train/tulip/3510799169_0ed6ae9669_n.jpg,tulip
916,train/tulip/8758519201_16e8d2d781_n.jpg,tulip
917,train/tulip/7064813645_f7f48fb527.jpg,tulip
918,train/tulip/14015957646_8317a0f1d9_n.jpg,tulip
919,train/tulip/21084189635_425ca69aa0_n.jpg,tulip
920,train/tulip/3396033831_bb88d93630.jpg,tulip
921,train/tulip/19695087459_dfb18ea181_n.jpg,tulip
922,train/tulip/2220085701_896054d263_n.jpg,tulip
923,train/tulip/5718513240_e84d5a7e89_n.jpg,tulip
924,train/tulip/14084749296_6143c74c72_m.jpg,tulip
925,train/tulip/14068348874_7b36c99f6a.jpg,tulip
926,train/tulip/7177682195_c29265748d_n.jpg,tulip
927,train/tulip/7166574936_3d93a510c5_n.jpg,tulip
928,train/tulip/19317019453_8b24740faf_n.jpg,tulip
929,train/tulip/19425920580_cdc8f49aed_n.jpg,tulip
930,train/tulip/14256494935_0ee69cfa03_n.jpg,tulip
931,train/tulip/14088017343_dd158d2eb5.jpg,tulip
932,train/tulip/12557176134_ecbf15885b.jpg,tulip
933,train/tulip/16074109313_2cc14c7d16.jpg,tulip
934,train/tulip/13923036338_1ce32c6d4f.jpg,tulip
935,train/tulip/17706953166_cc21734d26_n.jpg,tulip
936,train/tulip/5757091018_cdfd79dfa6_m.jpg,tulip
937,train/tulip/17719248689_cfd5d2f228_n.jpg,tulip
938,train/tulip/8711277462_b43df5454b_m.jpg,tulip
939,train/tulip/5661431592_cea1108261_n.jpg,tulip
940,train/tulip/4590703575_6371c0a186_n.jpg,tulip
941,train/tulip/12163418275_bd6a1edd61.jpg,tulip
942,train/tulip/9947385346_3a8cacea02_n.jpg,tulip
943,train/tulip/13514131694_d91da4f4fc.jpg,tulip
944,train/tulip/4522764992_e9d70b82c1_m.jpg,tulip
945,train/tulip/5718511304_9334269df2_n.jpg,tulip
946,train/tulip/6539831765_c21b68910e_n.jpg,tulip
947,train/tulip/2280950463_86510c2789_n.jpg,tulip
948,train/tulip/3011223301_09b4e3edb7.jpg,tulip
949,train/tulip/7166539842_43b7e02883.jpg,tulip
950,train/tulip/4042180234_64cd2859c9_m.jpg,tulip
951,train/tulip/13923539227_bdab038dc8.jpg,tulip
952,train/tulip/14073608876_49db8ac97d_n.jpg,tulip
953,train/tulip/14266093711_66d18a1e44_n.jpg,tulip
954,train/tulip/14055538059_b826e0ac2b_n.jpg,tulip
955,train/tulip/16133651784_c244d86f82_n.jpg,tulip
956,train/tulip/8838347159_746d14e6c1_m.jpg,tulip
957,train/tulip/16680930777_7e7f292fc5_n.jpg,tulip
958,train/tulip/485415743_eeb5d7c1a5.jpg,tulip
959,train/tulip/17282288501_e8738c9cfb_n.jpg,tulip
960,train/tulip/9976515506_d496c5e72c.jpg,tulip
961,train/tulip/14127532150_112823a8f6.jpg,tulip
962,train/tulip/7166606598_5d2cd307c3_n.jpg,tulip
963,train/tulip/2813649953_2b0f20fe94_n.jpg,tulip
964,train/tulip/17198868382_697b23c715_n.jpg,tulip
965,train/tulip/7144016605_e159b6c06b_m.jpg,tulip
966,train/tulip/112651128_7b5d39a346_m.jpg,tulip
967,train/tulip/14069837979_5f2d5fec55_n.jpg,tulip
968,train/tulip/5691090657_2f1e9bf49e_n.jpg,tulip
969,train/tulip/5704726114_a92f753514.jpg,tulip
970,train/tulip/16139439153_fbdee29a10_n.jpg,tulip
971,train/tulip/15452909878_0c4941f729_m.jpg,tulip
972,train/tulip/16570062929_6c41c66387_n.jpg,tulip
973,train/tulip/7166554924_432aaae4b2_n.jpg,tulip
974,train/tulip/8523133474_d2c0845b54.jpg,tulip
975,train/tulip/8669794378_97dda6036f_n.jpg,tulip
976,train/tulip/3909355648_42cb3a5e09_n.jpg,tulip
977,train/tulip/17159816388_deafbebdb0.jpg,tulip
978,train/tulip/5635348214_a4e2b19ffe.jpg,tulip
979,train/tulip/8520488975_a50d377f91.jpg,tulip
980,train/tulip/11746548_26b3256922_n.jpg,tulip
981,train/tulip/142218310_d06005030a_n.jpg,tulip
982,train/tulip/16862349256_0a1f91ab53.jpg,tulip
983,train/tulip/5717951019_739d8307d4_n.jpg,tulip
984,train/tulip/14239946452_b0c8f018fe_n.jpg,tulip
985,train/tulip/14491997336_36ba524713.jpg,tulip
986,train/tulip/8586205446_8953a6c70e_n.jpg,tulip
987,train/tulip/13997641965_80d5dab542_n.jpg,tulip
988,train/tulip/17734051745_9382a7bcba_n.jpg,tulip
989,train/tulip/3282751630_45c2665034_m.jpg,tulip
990,train/tulip/16930105456_8b826dc4a8_n.jpg,tulip
991,train/tulip/5674707464_dc18de05b1.jpg,tulip
992,train/tulip/8673412732_f8fd690ee4_n.jpg,tulip
993,train/tulip/5718510972_9a439aa30a_n.jpg,tulip
994,train/tulip/17730239562_9aa0fc0738_n.jpg,tulip
995,train/tulip/12025042086_78bafc0eb6_n.jpg,tulip
996,train/tulip/6227136683_262c6be56b.jpg,tulip
997,train/tulip/8484905084_6a18c62b13_m.jpg,tulip
998,train/tulip/4516198427_0e5099cd8e.jpg,tulip
999,train/tulip/5674134129_2db5136cba.jpg,tulip
1000,train/tulip/4290566894_c7f061583d_m.jpg,tulip
1001,train/tulip/12024561754_ce9667e4dc_n.jpg,tulip
1002,train/tulip/490541142_c37e2b4191_n.jpg,tulip
1003,train/tulip/17291908295_dc7d45ae9b_n.jpg,tulip
1004,train/tulip/8585103457_d64697c3cf_n.jpg,tulip
1005,train/tulip/17104364030_ee31ee279b_n.jpg,tulip
1006,train/tulip/13979098645_50b9eebc02_n.jpg,tulip
1007,train/tulip/13509967925_eaaeefa396_m.jpg,tulip
1008,train/tulip/19693717158_af4afcffd2_n.jpg,tulip
1009,train/tulip/4612075317_91eefff68c_n.jpg,tulip
1010,train/tulip/13976522214_ccec508fe7.jpg,tulip
1011,train/tulip/7002703410_3e97b29da5_n.jpg,tulip
1012,train/tulip/14238880951_2f62f042be_n.jpg,tulip
1013,train/tulip/116343334_9cb4acdc57_n.jpg,tulip
1014,train/tulip/4550278535_dfdf7b74ef.jpg,tulip
1015,train/tulip/113960470_38fab8f2fb_m.jpg,tulip
1016,train/tulip/3501996215_1c6d1a3386_n.jpg,tulip
1017,train/tulip/16677199221_eab3f22378_n.jpg,tulip
1018,train/tulip/1353748522_b9c630b162.jpg,tulip
1019,train/tulip/6982913043_3b873c6a25.jpg,tulip
1020,train/tulip/17146928665_600fa3a1f1_n.jpg,tulip
1021,train/tulip/16711791713_e54bc9c1af_n.jpg,tulip
1022,train/tulip/8750288831_5e49a9f29b.jpg,tulip
1023,train/tulip/14124669683_7fb74f20c3.jpg,tulip
1024,train/tulip/11746367_d23a35b085_n.jpg,tulip
1025,train/tulip/112951086_150a59d499_n.jpg,tulip
1026,train/tulip/8695367666_0809529eaf_n.jpg,tulip
1027,train/tulip/5637140035_e6c5514f54.jpg,tulip
1028,train/tulip/14090546015_504c8becd1.jpg,tulip
1029,train/tulip/17862445825_f7031d6f26.jpg,tulip
1030,train/tulip/8713407768_f880df361f.jpg,tulip
1031,train/tulip/7136973281_b2a935ce20.jpg,tulip
1032,train/tulip/110147301_ad921e2828.jpg,tulip
1033,train/tulip/7166626128_8e0983ac8e_n.jpg,tulip
1034,train/tulip/7166632158_666116d770_n.jpg,tulip
1035,train/tulip/15082212714_ff87e8fcb1_m.jpg,tulip
1036,train/tulip/17969516345_d0081a5f18_n.jpg,tulip
1037,train/tulip/17224410762_402455ed8f.jpg,tulip
1038,train/tulip/14097328354_4f1469a170.jpg,tulip
1039,train/tulip/4599815420_8ee42c2382.jpg,tulip
1040,train/tulip/8759601388_36e2a50d98_n.jpg,tulip
1041,train/tulip/18406629611_4d1edcf23b_n.jpg,tulip
1042,train/tulip/7166552648_28b6dce578.jpg,tulip
1043,train/tulip/2426847695_4b8409402e_n.jpg,tulip
1044,train/tulip/14078067843_3573fcfc85_n.jpg,tulip
1045,train/tulip/3516269489_cef36e87a6.jpg,tulip
1046,train/tulip/15647243236_2778501cf5_n.jpg,tulip
1047,train/tulip/6799076717_575944af91_m.jpg,tulip
1048,train/tulip/3457017604_90e4de7480_m.jpg,tulip
1049,train/tulip/8562853756_73778dac25_n.jpg,tulip
1050,train/tulip/4587872443_a86c692cb8.jpg,tulip
1051,train/tulip/16862351376_f0fcc6fc91_n.jpg,tulip
1052,train/tulip/20535484712_8fc5c2a4e8_n.jpg,tulip
1053,train/tulip/17469578564_35a8360f58.jpg,tulip
1054,train/tulip/5665708521_799585d229_n.jpg,tulip
1055,train/tulip/113291410_1bdc718ed8_n.jpg,tulip
1056,train/tulip/14069841698_a5dff9cfd2_n.jpg,tulip
1057,train/tulip/14278331403_4c475f9a9b.jpg,tulip
1058,train/tulip/13910604778_e5f4588420.jpg,tulip
1059,train/tulip/16756198195_13b54e70b3_n.jpg,tulip
1060,train/tulip/8713391394_4b679ea1e3_n.jpg,tulip
1061,train/tulip/5718512462_b48988824a_n.jpg,tulip
1062,train/tulip/7166620850_8a37b95972_n.jpg,tulip
1063,train/tulip/14067761295_7cfe6a42e9.jpg,tulip
1064,train/tulip/4550091966_7f3e0f8802_n.jpg,tulip
1065,train/tulip/7055500907_dcf2bb50e0.jpg,tulip
1066,train/tulip/13910471347_30c8bf4de1_n.jpg,tulip
1067,train/tulip/5718512658_f3b1ec76d7_n.jpg,tulip
1068,train/tulip/15049902081_dd85361f8c_m.jpg,tulip
1069,train/tulip/10995953955_089572caf0.jpg,tulip
1070,train/tulip/8555123165_2fe57eff4f.jpg,tulip
1071,train/tulip/13910678178_25e8b1a5e5.jpg,tulip
1072,train/tulip/20518113476_a43a105f27_n.jpg,tulip
1073,train/tulip/4573822295_5c5c6a5f6a.jpg,tulip
1074,train/tulip/15275144259_f9a18ec9cb.jpg,tulip
1075,train/tulip/16644790896_7b296ecd67_n.jpg,tulip
1076,train/tulip/14651383746_419dc73634_m.jpg,tulip
1077,train/tulip/16680927427_07ca6e4552_n.jpg,tulip
1078,train/tulip/11746276_de3dec8201.jpg,tulip
1079,train/tulip/4521496161_2b41d4182e.jpg,tulip
1080,train/tulip/430785322_7ddef64c68_m.jpg,tulip
1081,train/tulip/20111973586_2987a89bed_n.jpg,tulip
1082,train/tulip/14069914457_6805909b1c_n.jpg,tulip
1083,train/tulip/6931715360_34edc5a372_m.jpg,tulip
1084,train/tulip/8904780994_8867d64155_n.jpg,tulip
1085,train/tulip/15090146325_b7e1249e60.jpg,tulip
1086,train/tulip/5697471591_200ff951fa_n.jpg,tulip
1087,train/tulip/13513851673_9d813dc7b0.jpg,tulip
1088,train/tulip/13903988248_22da33f341.jpg,tulip
1089,train/tulip/142235914_5419ff8a4a.jpg,tulip
1090,train/tulip/20096276219_7d16867bcc_n.jpg,tulip
1091,train/tulip/13900235284_32ce563633_n.jpg,tulip
1092,train/tulip/7166635566_ee240b5408_n.jpg,tulip
1093,train/tulip/13542672763_20c3cb9272.jpg,tulip
1094,train/tulip/17159349572_c0c51599f7_n.jpg,tulip
1095,train/tulip/7166546934_c97b08c9d9_n.jpg,tulip
1096,train/tulip/9446982168_06c4d71da3_n.jpg,tulip
1097,train/tulip/14026857634_500d7b41d6_m.jpg,tulip
1098,train/tulip/2431737309_1468526f8b.jpg,tulip
1099,train/tulip/14254329062_140c0f4f4f_n.jpg,tulip
1100,train/tulip/8554190977_37ac747799_m.jpg,tulip
1101,train/tulip/440714501_9f8268e1b0.jpg,tulip
1102,train/tulip/5813495998_64be1b8ab6_n.jpg,tulip
1103,train/tulip/133960364_d87f883c15_n.jpg,tulip
1104,train/tulip/4644110077_ff252cd7c4.jpg,tulip
1105,train/tulip/2229804138_db9cba3443_n.jpg,tulip
1106,train/tulip/15149373026_93aacc65c5.jpg,tulip
1107,train/tulip/175686816_067a8cb4c5.jpg,tulip
1108,train/tulip/20896271018_9f1dc41c93_n.jpg,tulip
1109,train/tulip/20708492111_35757c490f_n.jpg,tulip
1110,train/tulip/2254152047_d3bf8903cd_n.jpg,tulip
1111,train/tulip/5691672942_70a93d70fc.jpg,tulip
1112,train/tulip/7003964080_4566470798_n.jpg,tulip
1113,train/tulip/8687675254_c93f50d8b0_m.jpg,tulip
1114,train/tulip/7166544280_9d975c4d9a_n.jpg,tulip
1115,train/tulip/3253320570_b617f7fd4b.jpg,tulip
1116,train/tulip/2440874162_27a7030402_n.jpg,tulip
1117,train/tulip/8708209606_d3aede4801.jpg,tulip
1118,train/tulip/16548713317_a97b9e543a_n.jpg,tulip
1119,train/tulip/4574785121_5d8ec4626e.jpg,tulip
1120,train/tulip/13910737760_c71c8b6ff2.jpg,tulip
1121,train/tulip/8520482921_21dd204ebd_n.jpg,tulip
1122,train/tulip/4353419275_79d3904074_n.jpg,tulip
1123,train/tulip/112428919_f0c5ad7d9d_n.jpg,tulip
1124,train/tulip/14149603605_eedfe9678c_n.jpg,tulip
1125,train/tulip/20133942640_0f4442b858_n.jpg,tulip
1126,train/tulip/5680695867_baff72fc7c.jpg,tulip
1127,train/tulip/2427626706_ffdf697f84_n.jpg,tulip
1128,train/tulip/5717950215_5d0bf2e8b3_n.jpg,tulip
1129,train/tulip/20435554843_ba6862f923_n.jpg,tulip
1130,train/tulip/16568530400_f7e4ffc633_n.jpg,tulip
1131,train/tulip/20495079414_44c6783519_n.jpg,tulip
1132,train/tulip/14024864234_713158c27f_n.jpg,tulip
1133,train/tulip/5810456385_b44358a0ae.jpg,tulip
1134,train/tulip/13197345653_0f685b3c97_n.jpg,tulip
1135,train/tulip/20742669999_53de71a4c9_n.jpg,tulip
1136,train/tulip/7166550328_de0d73cfa9_n.jpg,tulip
1137,train/tulip/16677542612_a78a8ca8b3_m.jpg,tulip
1138,train/tulip/5635347336_bc1400e939_n.jpg,tulip
1139,train/tulip/12916135413_dafcf3089e_n.jpg,tulip
1140,train/tulip/14069842098_7a7bd956bf_n.jpg,tulip
1141,train/tulip/16702188449_3dacce90b2_m.jpg,tulip
1142,train/tulip/16568439688_4f166e8d90_n.jpg,tulip
1143,train/tulip/8713396140_5af8136136.jpg,tulip
1144,train/tulip/5730908127_da871df0f8.jpg,tulip
1145,train/tulip/8712270665_57b5bda0a2_n.jpg,tulip
1146,train/tulip/17720403638_94cfcd8d5c_n.jpg,tulip
1147,train/tulip/16986144192_55e0e6c152.jpg,tulip
1148,train/tulip/14487943607_651e8062a1_m.jpg,tulip
1149,train/tulip/14066056226_d8564a083e_m.jpg,tulip
1150,train/tulip/14053292975_fdc1093571_n.jpg,tulip
1151,train/tulip/5665080897_0796f726c9_m.jpg,tulip
1152,train/tulip/14087860553_bf4f8ec56d.jpg,tulip
1153,train/tulip/16568820360_a938311dd3_n.jpg,tulip
1154,train/tulip/20295820576_8ed2250b5c_n.jpg,tulip
1155,train/tulip/14087425312_2b5846b570_n.jpg,tulip
1156,train/tulip/14067778605_0285b7cc3a.jpg,tulip
1157,train/tulip/6998661030_46cbb7892a.jpg,tulip
1158,train/tulip/19860199064_35c14fa8c7_n.jpg,tulip
1159,train/tulip/15052586652_56a82de133_m.jpg,tulip
1160,train/tulip/5552198702_35856ed8ec.jpg,tulip
1161,train/tulip/14025589299_eac64c51af_m.jpg,tulip
1162,train/tulip/20093649146_5a93a8f173_n.jpg,tulip
1163,train/tulip/14064731501_ea14b58161.jpg,tulip
1164,train/tulip/19268907364_d94a846fc8_n.jpg,tulip
1165,train/tulip/9019694597_2d3bbedb17.jpg,tulip
1166,train/tulip/4555842486_dd214a84d7_n.jpg,tulip
1167,train/tulip/16594995743_ce72c61201_n.jpg,tulip
1168,train/tulip/17309017866_b6b290b970_n.jpg,tulip
1169,train/tulip/21084139365_f44cd2a685_n.jpg,tulip
1170,train/tulip/16582481123_06e8e6b966_n.jpg,tulip
1171,train/tulip/12916441224_2ed63596f8_n.jpg,tulip
1172,train/tulip/12949131454_4d3392f4dd_n.jpg,tulip
1173,train/tulip/6934951920_d43ff8b78d.jpg,tulip
1174,train/tulip/2426849837_baefd9a518_n.jpg,tulip
1175,train/tulip/16951623209_00fb7ec1b1_n.jpg,tulip
1176,train/tulip/8838914676_8ef4db7f50_n.jpg,tulip
1177,train/tulip/13555215723_cf2c11626b_b.jpg,tulip
1178,train/tulip/5628970369_54eb9ed31c_n.jpg,tulip
1179,train/tulip/6876631336_54bf150990.jpg,tulip
1180,train/tulip/130685040_3c2fcec63e_n.jpg,tulip
1181,train/tulip/8759597778_7fca5d434b_n.jpg,tulip
1182,train/tulip/5644061265_e02135f028_n.jpg,tulip
1183,train/tulip/17907238905_1ae121f8d9_m.jpg,tulip
1184,train/tulip/14069841138_e2b403f44f_n.jpg,tulip
1185,train/tulip/19759207480_679167eacd_n.jpg,tulip
1186,train/tulip/7205698252_b972087cc2.jpg,tulip
1187,train/tulip/8729501081_b993185542_m.jpg,tulip
1188,train/tulip/8712263493_3db76c5f82.jpg,tulip
1189,train/tulip/25429468133_6bfba75d94_n.jpg,tulip
1190,train/tulip/2256230386_08b54ca760.jpg,tulip
1191,train/tulip/16055807744_000bc07afc_m.jpg,tulip
1192,train/tulip/5718511762_43b08f50ff_n.jpg,tulip
1193,train/tulip/7166644048_b00a14f01b.jpg,tulip
1194,train/tulip/13289268363_b9337d751e.jpg,tulip
1195,train/tulip/8708856019_f3be2353a4_n.jpg,tulip
1196,train/tulip/20910465721_fd8dcc8fcc_n.jpg,tulip
1197,train/tulip/14055533888_f8e66b5693_n.jpg,tulip
1198,train/tulip/14067456066_87e15792d0.jpg,tulip
1199,train/tulip/7166616072_1233051d98_n.jpg,tulip
