index,file_name
0,train/unlabel/unlabel_51e2a07b21.jpg
1,train/unlabel/unlabel_f3c4a65ddf.jpg
2,train/unlabel/unlabel_6dd8c542c9.jpg
3,train/unlabel/unlabel_0a19d892a8.jpg
4,train/unlabel/unlabel_3a365cb46b.jpg
5,train/unlabel/unlabel_b3bb3a7d3d.jpg
6,train/unlabel/unlabel_1fbaa71066.jpg
7,train/unlabel/unlabel_747fc7a8e3.jpg
8,train/unlabel/unlabel_ba543f80a6.jpg
9,train/unlabel/unlabel_ae180dbe1c.jpg
10,train/unlabel/unlabel_a2bcb64bb4.jpg
11,train/unlabel/unlabel_66f651e613.jpg
12,train/unlabel/unlabel_b214e749fa.jpg
13,train/unlabel/unlabel_89143fb402.jpg
14,train/unlabel/unlabel_543222354c.jpg
15,train/unlabel/unlabel_5877dd7336.jpg
16,train/unlabel/unlabel_4ae34486fc.jpg
17,train/unlabel/unlabel_28932ab80a.jpg
18,train/unlabel/unlabel_580bd028ae.jpg
19,train/unlabel/unlabel_75df0e5392.jpg
20,train/unlabel/unlabel_d67fa19a6e.jpg
21,train/unlabel/unlabel_3feb5762a3.jpg
22,train/unlabel/unlabel_f0df933fc2.jpg
23,train/unlabel/unlabel_b1b0902f92.jpg
24,train/unlabel/unlabel_8535ad6ee9.jpg
25,train/unlabel/unlabel_30bacdb1c9.jpg
26,train/unlabel/unlabel_3c720273dd.jpg
27,train/unlabel/unlabel_3b3fcbb552.jpg
28,train/unlabel/unlabel_696ff67fbf.jpg
29,train/unlabel/unlabel_66e5cb687b.jpg
30,train/unlabel/unlabel_d9d0e151fc.jpg
31,train/unlabel/unlabel_34e94831ce.jpg
32,train/unlabel/unlabel_d986aa4d89.jpg
33,train/unlabel/unlabel_578b6b45cd.jpg
34,train/unlabel/unlabel_753e85bc55.jpg
35,train/unlabel/unlabel_69a52abd55.jpg
36,train/unlabel/unlabel_98c01ab96f.jpg
37,train/unlabel/unlabel_b64bb794d5.jpg
38,train/unlabel/unlabel_16550b5ba2.jpg
39,train/unlabel/unlabel_985db5a25b.jpg
40,train/unlabel/unlabel_8cee1f9a46.jpg
41,train/unlabel/unlabel_00ee02b46b.jpg
42,train/unlabel/unlabel_6f2b1f11cf.jpg
43,train/unlabel/unlabel_458fa5c4c1.jpg
44,train/unlabel/unlabel_e01a265983.jpg
45,train/unlabel/unlabel_c307f0206c.jpg
46,train/unlabel/unlabel_e3baf14d7e.jpg
47,train/unlabel/unlabel_fa00f90405.jpg
48,train/unlabel/unlabel_a0402bfdf1.jpg
49,train/unlabel/unlabel_764d60e0ad.jpg
50,train/unlabel/unlabel_636856185b.jpg
51,train/unlabel/unlabel_88ef28548a.jpg
52,train/unlabel/unlabel_7b9b1c7e53.jpg
53,train/unlabel/unlabel_3d1970358e.jpg
54,train/unlabel/unlabel_7de80d21f0.jpg
55,train/unlabel/unlabel_4c9ab393ca.jpg
56,train/unlabel/unlabel_b1870cce41.jpg
57,train/unlabel/unlabel_3620e71562.jpg
58,train/unlabel/unlabel_bd3b050444.jpg
59,train/unlabel/unlabel_1cf8c4acc5.jpg
60,train/unlabel/unlabel_2822440879.jpg
61,train/unlabel/unlabel_4842f61291.jpg
62,train/unlabel/unlabel_6f54c920bb.jpg
63,train/unlabel/unlabel_b6b22374c4.jpg
64,train/unlabel/unlabel_f9f30a85d4.jpg
65,train/unlabel/unlabel_2c541cf802.jpg
66,train/unlabel/unlabel_a93141f4f4.jpg
67,train/unlabel/unlabel_ac014d921f.jpg
68,train/unlabel/unlabel_7e8b465879.jpg
69,train/unlabel/unlabel_449d66d0e2.jpg
70,train/unlabel/unlabel_53caed1df1.jpg
71,train/unlabel/unlabel_176c6b292e.jpg
72,train/unlabel/unlabel_16eb5fc68c.jpg
73,train/unlabel/unlabel_ccaa1d5e49.jpg
74,train/unlabel/unlabel_0f886f232b.jpg
75,train/unlabel/unlabel_25e068c525.jpg
76,train/unlabel/unlabel_e3c6aad751.jpg
77,train/unlabel/unlabel_9927b3e75f.jpg
78,train/unlabel/unlabel_85d9db7bf0.jpg
79,train/unlabel/unlabel_03e900d53d.jpg
80,train/unlabel/unlabel_ca6ea6d838.jpg
81,train/unlabel/unlabel_f7678b5cf9.jpg
82,train/unlabel/unlabel_3472db2361.jpg
83,train/unlabel/unlabel_86a5e0a522.jpg
84,train/unlabel/unlabel_a1598609c5.jpg
85,train/unlabel/unlabel_f7a5883132.jpg
86,train/unlabel/unlabel_f7566f111f.jpg
87,train/unlabel/unlabel_f88ed3e427.jpg
88,train/unlabel/unlabel_a69aecf9c8.jpg
89,train/unlabel/unlabel_a7be786d40.jpg
90,train/unlabel/unlabel_4fbb972ac8.jpg
91,train/unlabel/unlabel_e9c5ffab87.jpg
92,train/unlabel/unlabel_8fb9a7ea80.jpg
93,train/unlabel/unlabel_bd094f71df.jpg
94,train/unlabel/unlabel_dc036eaa3d.jpg
95,train/unlabel/unlabel_d4d534e3f5.jpg
96,train/unlabel/unlabel_107ea25b0b.jpg
97,train/unlabel/unlabel_eec8a614f3.jpg
98,train/unlabel/unlabel_a34c9fc13d.jpg
99,train/unlabel/unlabel_d680201c5d.jpg
100,train/unlabel/unlabel_d53fffdc89.jpg
101,train/unlabel/unlabel_84f181e042.jpg
102,train/unlabel/unlabel_69c4cd5b1a.jpg
103,train/unlabel/unlabel_9003527c61.jpg
104,train/unlabel/unlabel_79b319f1d7.jpg
105,train/unlabel/unlabel_2e55b6fb97.jpg
106,train/unlabel/unlabel_48a41c5126.jpg
107,train/unlabel/unlabel_faec2952fe.jpg
108,train/unlabel/unlabel_e382a89b08.jpg
109,train/unlabel/unlabel_f489a42385.jpg
110,train/unlabel/unlabel_939a22e6d3.jpg
111,train/unlabel/unlabel_d17ab704ce.jpg
112,train/unlabel/unlabel_0b5494ac5b.jpg
113,train/unlabel/unlabel_f466cc38c2.jpg
114,train/unlabel/unlabel_c7965dc9a9.jpg
115,train/unlabel/unlabel_6eb18ae4cb.jpg
116,train/unlabel/unlabel_17bf050249.jpg
117,train/unlabel/unlabel_f8443a4c0f.jpg
118,train/unlabel/unlabel_dd45ddd02c.jpg
119,train/unlabel/unlabel_3cab31358f.jpg
120,train/unlabel/unlabel_f303dd426c.jpg
121,train/unlabel/unlabel_c8ef05bf80.jpg
122,train/unlabel/unlabel_e7dbce8577.jpg
123,train/unlabel/unlabel_7e59481f05.jpg
124,train/unlabel/unlabel_3198e0a9a4.jpg
125,train/unlabel/unlabel_4b77335805.jpg
126,train/unlabel/unlabel_31cdc90668.jpg
127,train/unlabel/unlabel_33aefb5686.jpg
128,train/unlabel/unlabel_a6decf57e7.jpg
129,train/unlabel/unlabel_b4aa1d9f8c.jpg
130,train/unlabel/unlabel_d3a7c88370.jpg
131,train/unlabel/unlabel_a003487065.jpg
132,train/unlabel/unlabel_fc9ac70fee.jpg
133,train/unlabel/unlabel_84b1c59083.jpg
134,train/unlabel/unlabel_dfe2424d61.jpg
135,train/unlabel/unlabel_a87bcc13d8.jpg
136,train/unlabel/unlabel_8954927a6b.jpg
137,train/unlabel/unlabel_0b789950f4.jpg
138,train/unlabel/unlabel_850264f491.jpg
139,train/unlabel/unlabel_61ceae254f.jpg
140,train/unlabel/unlabel_e330986f9e.jpg
141,train/unlabel/unlabel_b9deb9a183.jpg
142,train/unlabel/unlabel_9d701f1b26.jpg
143,train/unlabel/unlabel_e989dc51b3.jpg
144,train/unlabel/unlabel_e80e00c8b8.jpg
145,train/unlabel/unlabel_f139ccd125.jpg
146,train/unlabel/unlabel_472e93f076.jpg
147,train/unlabel/unlabel_f9d029664f.jpg
148,train/unlabel/unlabel_af2c3b42a1.jpg
149,train/unlabel/unlabel_b72a3d2311.jpg
150,train/unlabel/unlabel_f1ccd311c6.jpg
151,train/unlabel/unlabel_9366b7ca74.jpg
152,train/unlabel/unlabel_cc48db1e3b.jpg
153,train/unlabel/unlabel_74ba5cc310.jpg
154,train/unlabel/unlabel_5dc3fcce7e.jpg
155,train/unlabel/unlabel_4d428cdfc2.jpg
156,train/unlabel/unlabel_3f772117df.jpg
157,train/unlabel/unlabel_da55079b47.jpg
158,train/unlabel/unlabel_d1b449b60f.jpg
159,train/unlabel/unlabel_5881cfbb5a.jpg
160,train/unlabel/unlabel_5d6d6504c0.jpg
161,train/unlabel/unlabel_b4550d3dab.jpg
162,train/unlabel/unlabel_cb682a693c.jpg
163,train/unlabel/unlabel_fc625a18aa.jpg
164,train/unlabel/unlabel_ed5a28a2b8.jpg
165,train/unlabel/unlabel_caa7c0e07b.jpg
166,train/unlabel/unlabel_a2bae74d77.jpg
167,train/unlabel/unlabel_c7c9c32f80.jpg
168,train/unlabel/unlabel_aeb5cad58e.jpg
169,train/unlabel/unlabel_bec9533282.jpg
170,train/unlabel/unlabel_3467cd047f.jpg
171,train/unlabel/unlabel_394909d430.jpg
172,train/unlabel/unlabel_8f6e5af633.jpg
173,train/unlabel/unlabel_c01b6f166c.jpg
174,train/unlabel/unlabel_a737ca1133.jpg
175,train/unlabel/unlabel_21696c54d4.jpg
176,train/unlabel/unlabel_0cd2c10a9b.jpg
177,train/unlabel/unlabel_6f111570d0.jpg
178,train/unlabel/unlabel_c87c570199.jpg
179,train/unlabel/unlabel_7c615b0a26.jpg
180,train/unlabel/unlabel_f06b6a27eb.jpg
181,train/unlabel/unlabel_2096199785.jpg
182,train/unlabel/unlabel_de7a74f364.jpg
183,train/unlabel/unlabel_9e91e9223c.jpg
184,train/unlabel/unlabel_a624957874.jpg
185,train/unlabel/unlabel_51c3bd0b80.jpg
186,train/unlabel/unlabel_2e3558f221.jpg
187,train/unlabel/unlabel_af7c4b07fd.jpg
188,train/unlabel/unlabel_6baa3ac23e.jpg
189,train/unlabel/unlabel_92ce88119a.jpg
190,train/unlabel/unlabel_afc4a58955.jpg
191,train/unlabel/unlabel_29008e41fd.jpg
192,train/unlabel/unlabel_dbea07bf63.jpg
193,train/unlabel/unlabel_abee4ddf76.jpg
194,train/unlabel/unlabel_a5d4af0b02.jpg
195,train/unlabel/unlabel_7e9f0b7ef1.jpg
196,train/unlabel/unlabel_810751721a.jpg
197,train/unlabel/unlabel_c98e9b902c.jpg
198,train/unlabel/unlabel_e00d45a9fd.jpg
199,train/unlabel/unlabel_dbd3ca901e.jpg
200,train/unlabel/unlabel_794fd78e62.jpg
201,train/unlabel/unlabel_6e8d912f3a.jpg
202,train/unlabel/unlabel_70d319694a.jpg
203,train/unlabel/unlabel_99da09f143.jpg
204,train/unlabel/unlabel_31277732b6.jpg
205,train/unlabel/unlabel_747173b868.jpg
206,train/unlabel/unlabel_349c64f9db.jpg
207,train/unlabel/unlabel_6655571ae3.jpg
208,train/unlabel/unlabel_3397e7170a.jpg
209,train/unlabel/unlabel_58651ad006.jpg
210,train/unlabel/unlabel_e19ab544d1.jpg
211,train/unlabel/unlabel_dcf15039c0.jpg
212,train/unlabel/unlabel_f0895107fc.jpg
213,train/unlabel/unlabel_3a8488015e.jpg
214,train/unlabel/unlabel_e9f3ba4bfa.jpg
215,train/unlabel/unlabel_dc1c1484b4.jpg
216,train/unlabel/unlabel_0a12ad9625.jpg
217,train/unlabel/unlabel_fbc216f608.jpg
218,train/unlabel/unlabel_5606247f8c.jpg
219,train/unlabel/unlabel_6161136720.jpg
220,train/unlabel/unlabel_a0c4096c81.jpg
221,train/unlabel/unlabel_3de0a7c761.jpg
222,train/unlabel/unlabel_f68ac4482b.jpg
223,train/unlabel/unlabel_42a01db128.jpg
224,train/unlabel/unlabel_4966842f7c.jpg
225,train/unlabel/unlabel_df51b6f35f.jpg
226,train/unlabel/unlabel_c04842476d.jpg
227,train/unlabel/unlabel_8ede61b905.jpg
228,train/unlabel/unlabel_49c26b0d2c.jpg
229,train/unlabel/unlabel_7a4bf26aaf.jpg
230,train/unlabel/unlabel_b7413db05f.jpg
231,train/unlabel/unlabel_d9dfed843b.jpg
232,train/unlabel/unlabel_d40012f93f.jpg
233,train/unlabel/unlabel_bae51d8e5c.jpg
234,train/unlabel/unlabel_479850fda4.jpg
235,train/unlabel/unlabel_a201019ec2.jpg
236,train/unlabel/unlabel_d0b2d77d3e.jpg
237,train/unlabel/unlabel_4cabd8df14.jpg
238,train/unlabel/unlabel_8be1737acc.jpg
239,train/unlabel/unlabel_823c22ee91.jpg
240,train/unlabel/unlabel_c0d97d14d2.jpg
241,train/unlabel/unlabel_15ae9ac568.jpg
242,train/unlabel/unlabel_a5e36880c2.jpg
243,train/unlabel/unlabel_7ff039a918.jpg
244,train/unlabel/unlabel_8b7577eb63.jpg
245,train/unlabel/unlabel_e3412d96cf.jpg
246,train/unlabel/unlabel_f6bd15eb82.jpg
247,train/unlabel/unlabel_484229bcc4.jpg
248,train/unlabel/unlabel_05b4011c8b.jpg
249,train/unlabel/unlabel_c6dfe99a91.jpg
250,train/unlabel/unlabel_6b1bc854a5.jpg
251,train/unlabel/unlabel_4f7943c151.jpg
252,train/unlabel/unlabel_0e7d82145d.jpg
253,train/unlabel/unlabel_8f49399819.jpg
254,train/unlabel/unlabel_f7d51608d8.jpg
255,train/unlabel/unlabel_be940aee19.jpg
256,train/unlabel/unlabel_ac8fb988e5.jpg
257,train/unlabel/unlabel_18b47cffea.jpg
258,train/unlabel/unlabel_44af5affd9.jpg
259,train/unlabel/unlabel_719aac610a.jpg
260,train/unlabel/unlabel_5ec6c02836.jpg
261,train/unlabel/unlabel_692fe2151a.jpg
262,train/unlabel/unlabel_21e331ca04.jpg
263,train/unlabel/unlabel_edb35dbcf8.jpg
264,train/unlabel/unlabel_e74fcb32f4.jpg
265,train/unlabel/unlabel_8883c114f3.jpg
266,train/unlabel/unlabel_4f3001cfb6.jpg
267,train/unlabel/unlabel_f80165a967.jpg
268,train/unlabel/unlabel_016ab367ed.jpg
269,train/unlabel/unlabel_69cc9a83c3.jpg
270,train/unlabel/unlabel_76ea987885.jpg
271,train/unlabel/unlabel_89e10c4a8a.jpg
272,train/unlabel/unlabel_12f2c284df.jpg
273,train/unlabel/unlabel_afdedb0cc1.jpg
274,train/unlabel/unlabel_26d7b5aa92.jpg
275,train/unlabel/unlabel_f4df2cd1b6.jpg
276,train/unlabel/unlabel_a2365db95a.jpg
277,train/unlabel/unlabel_4125568e88.jpg
278,train/unlabel/unlabel_ef0f513ddb.jpg
279,train/unlabel/unlabel_64495ccf48.jpg
280,train/unlabel/unlabel_12e31ca89b.jpg
281,train/unlabel/unlabel_03bc837155.jpg
282,train/unlabel/unlabel_40a038f2db.jpg
283,train/unlabel/unlabel_ad1bb19a37.jpg
284,train/unlabel/unlabel_5daae8f907.jpg
285,train/unlabel/unlabel_fdeaa7e7c1.jpg
286,train/unlabel/unlabel_d04ec9b9e2.jpg
287,train/unlabel/unlabel_1a5d4346e3.jpg
288,train/unlabel/unlabel_4c0d8377d2.jpg
289,train/unlabel/unlabel_bf3ae03c2f.jpg
290,train/unlabel/unlabel_cd1826931c.jpg
291,train/unlabel/unlabel_f03b923a95.jpg
292,train/unlabel/unlabel_2e818f1ad8.jpg
293,train/unlabel/unlabel_11375511d4.jpg
294,train/unlabel/unlabel_c303e4346a.jpg
295,train/unlabel/unlabel_9584f22f58.jpg
296,train/unlabel/unlabel_79cdcc347f.jpg
297,train/unlabel/unlabel_3255ebcf10.jpg
298,train/unlabel/unlabel_c7e13018c8.jpg
299,train/unlabel/unlabel_5644502a0f.jpg
300,train/unlabel/unlabel_fe1965d318.jpg
301,train/unlabel/unlabel_2e31685880.jpg
302,train/unlabel/unlabel_10f5b1281a.jpg
303,train/unlabel/unlabel_715161ef4e.jpg
304,train/unlabel/unlabel_8803405702.jpg
305,train/unlabel/unlabel_aed2446cdd.jpg
306,train/unlabel/unlabel_9ef9ff458a.jpg
307,train/unlabel/unlabel_2a9aff1e7a.jpg
308,train/unlabel/unlabel_b646011f99.jpg
309,train/unlabel/unlabel_73acf24555.jpg
310,train/unlabel/unlabel_8eaacc4674.jpg
311,train/unlabel/unlabel_395681f799.jpg
312,train/unlabel/unlabel_3f4992006c.jpg
313,train/unlabel/unlabel_20db69c4f7.jpg
314,train/unlabel/unlabel_8e4d1c7eaf.jpg
315,train/unlabel/unlabel_cd92ec16f6.jpg
316,train/unlabel/unlabel_c407b22eb5.jpg
317,train/unlabel/unlabel_b2a2dd646a.jpg
318,train/unlabel/unlabel_c0c9745be2.jpg
319,train/unlabel/unlabel_327e62bfd6.jpg
320,train/unlabel/unlabel_bc8e212a6f.jpg
321,train/unlabel/unlabel_478e421bc6.jpg
322,train/unlabel/unlabel_22f8642ab4.jpg
323,train/unlabel/unlabel_61b4389dc9.jpg
324,train/unlabel/unlabel_7ef4d36f41.jpg
325,train/unlabel/unlabel_8cdec51b33.jpg
326,train/unlabel/unlabel_5bf626974b.jpg
327,train/unlabel/unlabel_602a1d6593.jpg
328,train/unlabel/unlabel_bd0062758e.jpg
329,train/unlabel/unlabel_a0cf0be6b6.jpg
330,train/unlabel/unlabel_855a4fc79b.jpg
331,train/unlabel/unlabel_88f6a7d449.jpg
332,train/unlabel/unlabel_f0a2114736.jpg
333,train/unlabel/unlabel_45aa42d864.jpg
334,train/unlabel/unlabel_e4d87adf65.jpg
335,train/unlabel/unlabel_bba8f0adce.jpg
336,train/unlabel/unlabel_ccabc7b037.jpg
337,train/unlabel/unlabel_f2ea81d3ff.jpg
338,train/unlabel/unlabel_1b1647503a.jpg
339,train/unlabel/unlabel_bd59f9d55e.jpg
340,train/unlabel/unlabel_2d1b58e016.jpg
341,train/unlabel/unlabel_fb823b79e5.jpg
342,train/unlabel/unlabel_69a0b45f69.jpg
343,train/unlabel/unlabel_71f085ce6f.jpg
344,train/unlabel/unlabel_43ea967d85.jpg
345,train/unlabel/unlabel_14c96e7a73.jpg
346,train/unlabel/unlabel_203b130806.jpg
347,train/unlabel/unlabel_2e9b92f8c6.jpg
348,train/unlabel/unlabel_19aed168e1.jpg
349,train/unlabel/unlabel_52f48ce789.jpg
350,train/unlabel/unlabel_29e834ed0c.jpg
351,train/unlabel/unlabel_81a25ab33d.jpg
352,train/unlabel/unlabel_c302cc6266.jpg
353,train/unlabel/unlabel_5b80af32e7.jpg
354,train/unlabel/unlabel_e4971f3ba3.jpg
355,train/unlabel/unlabel_f78d446c00.jpg
356,train/unlabel/unlabel_4d1f2e8153.jpg
357,train/unlabel/unlabel_a7fa8f1f30.jpg
358,train/unlabel/unlabel_62b8cb753d.jpg
359,train/unlabel/unlabel_2ed237a883.jpg
360,train/unlabel/unlabel_bfb5894d1e.jpg
361,train/unlabel/unlabel_6a520f7a98.jpg
362,train/unlabel/unlabel_384b0517ea.jpg
363,train/unlabel/unlabel_7e075062d7.jpg
364,train/unlabel/unlabel_4c5091c6a2.jpg
365,train/unlabel/unlabel_5c4a106520.jpg
366,train/unlabel/unlabel_f6d7191896.jpg
367,train/unlabel/unlabel_ee92a7f144.jpg
368,train/unlabel/unlabel_68e94fc48d.jpg
369,train/unlabel/unlabel_39a320e471.jpg
370,train/unlabel/unlabel_9c87e0be8d.jpg
371,train/unlabel/unlabel_53a0ee298d.jpg
372,train/unlabel/unlabel_55b84b49e6.jpg
373,train/unlabel/unlabel_7c5d7bda92.jpg
374,train/unlabel/unlabel_dc2341d99a.jpg
375,train/unlabel/unlabel_a795196aee.jpg
376,train/unlabel/unlabel_fcc523d97c.jpg
377,train/unlabel/unlabel_9b55541acc.jpg
378,train/unlabel/unlabel_549b79fb52.jpg
379,train/unlabel/unlabel_0aa3755a4b.jpg
380,train/unlabel/unlabel_66665ecf92.jpg
381,train/unlabel/unlabel_bfa46230ec.jpg
382,train/unlabel/unlabel_4a37e226d3.jpg
383,train/unlabel/unlabel_254d9d84ab.jpg
384,train/unlabel/unlabel_ec607ec167.jpg
385,train/unlabel/unlabel_f2b41518c6.jpg
386,train/unlabel/unlabel_503df42a01.jpg
387,train/unlabel/unlabel_04ece2a41f.jpg
388,train/unlabel/unlabel_4b8d65613b.jpg
389,train/unlabel/unlabel_a970c567ab.jpg
390,train/unlabel/unlabel_18a501baa9.jpg
391,train/unlabel/unlabel_db1e39b637.jpg
392,train/unlabel/unlabel_4d605094cc.jpg
393,train/unlabel/unlabel_3764fde82e.jpg
394,train/unlabel/unlabel_d8c727a0fe.jpg
395,train/unlabel/unlabel_d86298109f.jpg
396,train/unlabel/unlabel_d271d25a81.jpg
397,train/unlabel/unlabel_afd5b0616e.jpg
398,train/unlabel/unlabel_c32f419ef6.jpg
399,train/unlabel/unlabel_988d460c8a.jpg
400,train/unlabel/unlabel_86f1459155.jpg
401,train/unlabel/unlabel_3aee8616fd.jpg
402,train/unlabel/unlabel_50647e57f6.jpg
403,train/unlabel/unlabel_ee2ffead4b.jpg
404,train/unlabel/unlabel_38576c26c2.jpg
405,train/unlabel/unlabel_be54886c01.jpg
406,train/unlabel/unlabel_f0a620ab50.jpg
407,train/unlabel/unlabel_0f486d3fde.jpg
408,train/unlabel/unlabel_04adc6b3f5.jpg
409,train/unlabel/unlabel_5c75869aea.jpg
410,train/unlabel/unlabel_e4b9886506.jpg
411,train/unlabel/unlabel_b45d373a78.jpg
412,train/unlabel/unlabel_6fe0cce2c9.jpg
413,train/unlabel/unlabel_f468d9719b.jpg
414,train/unlabel/unlabel_82c5e02b6b.jpg
415,train/unlabel/unlabel_d089850d50.jpg
416,train/unlabel/unlabel_76fc68af80.jpg
417,train/unlabel/unlabel_10d2bab67e.jpg
418,train/unlabel/unlabel_b2ae3278dd.jpg
419,train/unlabel/unlabel_eeae31e927.jpg
420,train/unlabel/unlabel_855cc6ca2e.jpg
421,train/unlabel/unlabel_34c70d5093.jpg
422,train/unlabel/unlabel_72cc9db872.jpg
423,train/unlabel/unlabel_3619dc1f3a.jpg
424,train/unlabel/unlabel_fb7cee51c8.jpg
425,train/unlabel/unlabel_d89b481835.jpg
426,train/unlabel/unlabel_8e12d4676e.jpg
427,train/unlabel/unlabel_25ac3bebe2.jpg
428,train/unlabel/unlabel_a3f3762c4f.jpg
429,train/unlabel/unlabel_ea4174dbce.jpg
430,train/unlabel/unlabel_f430ad16a2.jpg
431,train/unlabel/unlabel_9f3cec9a32.jpg
432,train/unlabel/unlabel_dfcb617323.jpg
433,train/unlabel/unlabel_d6190e9308.jpg
434,train/unlabel/unlabel_90d1cd35bc.jpg
435,train/unlabel/unlabel_20853d4ad4.jpg
436,train/unlabel/unlabel_8ed5b5541b.jpg
437,train/unlabel/unlabel_c9dc99049a.jpg
438,train/unlabel/unlabel_5008b8c423.jpg
439,train/unlabel/unlabel_42c7be77ca.jpg
440,train/unlabel/unlabel_d69af337ce.jpg
441,train/unlabel/unlabel_86de090536.jpg
442,train/unlabel/unlabel_4746db7a54.jpg
443,train/unlabel/unlabel_fe246bc930.jpg
444,train/unlabel/unlabel_e7a295cf0f.jpg
445,train/unlabel/unlabel_f1651b77eb.jpg
446,train/unlabel/unlabel_a1d9ef5f11.jpg
447,train/unlabel/unlabel_d8fbb785a7.jpg
448,train/unlabel/unlabel_cd404b19c6.jpg
449,train/unlabel/unlabel_8603686f03.jpg
450,train/unlabel/unlabel_a328f1a016.jpg
451,train/unlabel/unlabel_76f859a350.jpg
452,train/unlabel/unlabel_5a7a1cf6cc.jpg
453,train/unlabel/unlabel_e42e05dcc0.jpg
454,train/unlabel/unlabel_7fa781c04a.jpg
455,train/unlabel/unlabel_b3236d2f9f.jpg
456,train/unlabel/unlabel_3982f862fa.jpg
457,train/unlabel/unlabel_d088edf2ce.jpg
458,train/unlabel/unlabel_70db8ea76f.jpg
459,train/unlabel/unlabel_7c2b3456bc.jpg
460,train/unlabel/unlabel_5062998550.jpg
461,train/unlabel/unlabel_bc4983c817.jpg
462,train/unlabel/unlabel_5e29613b14.jpg
463,train/unlabel/unlabel_d2c4ec059f.jpg
464,train/unlabel/unlabel_d85f8bd6ec.jpg
465,train/unlabel/unlabel_49c190fc43.jpg
466,train/unlabel/unlabel_54f771ae2c.jpg
467,train/unlabel/unlabel_7a1295724c.jpg
468,train/unlabel/unlabel_f1ffbd6835.jpg
469,train/unlabel/unlabel_125cc4fadc.jpg
470,train/unlabel/unlabel_608155ef02.jpg
471,train/unlabel/unlabel_2771973dca.jpg
472,train/unlabel/unlabel_0d099351a0.jpg
473,train/unlabel/unlabel_7619ed2919.jpg
474,train/unlabel/unlabel_67266ea604.jpg
475,train/unlabel/unlabel_7fb583f9bb.jpg
476,train/unlabel/unlabel_74a8e42f0a.jpg
477,train/unlabel/unlabel_8a485e0430.jpg
478,train/unlabel/unlabel_009bf60c63.jpg
479,train/unlabel/unlabel_2025b14a3b.jpg
480,train/unlabel/unlabel_4918d38467.jpg
481,train/unlabel/unlabel_0fe497fd9f.jpg
482,train/unlabel/unlabel_17d647a9a3.jpg
483,train/unlabel/unlabel_da0d256f4c.jpg
484,train/unlabel/unlabel_6904e6ed25.jpg
485,train/unlabel/unlabel_28a31f461e.jpg
486,train/unlabel/unlabel_66ee993645.jpg
487,train/unlabel/unlabel_f91e38f371.jpg
488,train/unlabel/unlabel_806daa2382.jpg
489,train/unlabel/unlabel_36f82f6ea4.jpg
490,train/unlabel/unlabel_9a8dcefa22.jpg
491,train/unlabel/unlabel_515b0bd507.jpg
492,train/unlabel/unlabel_339f62dc29.jpg
493,train/unlabel/unlabel_129659fbe6.jpg
494,train/unlabel/unlabel_071ed8ef78.jpg
495,train/unlabel/unlabel_d532f3921f.jpg
496,train/unlabel/unlabel_a99811fe0c.jpg
497,train/unlabel/unlabel_1e9754be75.jpg
498,train/unlabel/unlabel_d15dbfbd28.jpg
499,train/unlabel/unlabel_7bd14bd1b3.jpg
500,train/unlabel/unlabel_06d2aaf8a5.jpg
501,train/unlabel/unlabel_58d23ace57.jpg
502,train/unlabel/unlabel_48cf722ff1.jpg
503,train/unlabel/unlabel_a003e79864.jpg
504,train/unlabel/unlabel_ab77b74c00.jpg
505,train/unlabel/unlabel_e99d61902f.jpg
506,train/unlabel/unlabel_b0dd8add61.jpg
507,train/unlabel/unlabel_c671cb8fe1.jpg
508,train/unlabel/unlabel_15fffd4c07.jpg
509,train/unlabel/unlabel_4079eac282.jpg
510,train/unlabel/unlabel_27dcb2377d.jpg
511,train/unlabel/unlabel_c552f0cd4c.jpg
512,train/unlabel/unlabel_d88fc7bf40.jpg
513,train/unlabel/unlabel_aa588cafe1.jpg
514,train/unlabel/unlabel_c3b70c18bb.jpg
515,train/unlabel/unlabel_bc91375e1c.jpg
516,train/unlabel/unlabel_2a8a7480e5.jpg
517,train/unlabel/unlabel_21180ae4fb.jpg
518,train/unlabel/unlabel_21e0040122.jpg
519,train/unlabel/unlabel_2bf6c2c6c1.jpg
520,train/unlabel/unlabel_390d142bf6.jpg
521,train/unlabel/unlabel_5ea0d8e02a.jpg
522,train/unlabel/unlabel_1b56ab3d67.jpg
523,train/unlabel/unlabel_7b268de46d.jpg
524,train/unlabel/unlabel_f64f53ce58.jpg
525,train/unlabel/unlabel_d32f4c06cf.jpg
526,train/unlabel/unlabel_a8379ef971.jpg
527,train/unlabel/unlabel_311be0fc63.jpg
528,train/unlabel/unlabel_6c3e01d6bc.jpg
529,train/unlabel/unlabel_734f2a1aca.jpg
530,train/unlabel/unlabel_fecc417531.jpg
531,train/unlabel/unlabel_992c56e33d.jpg
532,train/unlabel/unlabel_130ef9d726.jpg
533,train/unlabel/unlabel_961aac9aae.jpg
534,train/unlabel/unlabel_d6e860c989.jpg
535,train/unlabel/unlabel_2cfb29626f.jpg
536,train/unlabel/unlabel_b9083d80d6.jpg
537,train/unlabel/unlabel_080c64e0f1.jpg
538,train/unlabel/unlabel_bc4660ce08.jpg
539,train/unlabel/unlabel_6dca2acc4c.jpg
540,train/unlabel/unlabel_0653e57c26.jpg
541,train/unlabel/unlabel_da99170df8.jpg
542,train/unlabel/unlabel_69ba8f2eb4.jpg
543,train/unlabel/unlabel_ef43417ac8.jpg
544,train/unlabel/unlabel_ad6fecc549.jpg
545,train/unlabel/unlabel_da6c0ab13b.jpg
546,train/unlabel/unlabel_f1759efb7a.jpg
547,train/unlabel/unlabel_54d073d929.jpg
548,train/unlabel/unlabel_2c5747d07d.jpg
549,train/unlabel/unlabel_e5ebd45f61.jpg
550,train/unlabel/unlabel_edd8a3115a.jpg
551,train/unlabel/unlabel_b225a0d0ef.jpg
552,train/unlabel/unlabel_b04ae1186e.jpg
553,train/unlabel/unlabel_c9368317f5.jpg
554,train/unlabel/unlabel_2cda6a4723.jpg
555,train/unlabel/unlabel_2b2e86e94b.jpg
556,train/unlabel/unlabel_d515ddce82.jpg
557,train/unlabel/unlabel_041a40a04e.jpg
558,train/unlabel/unlabel_44342b94c3.jpg
559,train/unlabel/unlabel_7d05793c91.jpg
560,train/unlabel/unlabel_ade0d36603.jpg
561,train/unlabel/unlabel_0878edb8b9.jpg
562,train/unlabel/unlabel_e503aa3d65.jpg
563,train/unlabel/unlabel_5b48fa304d.jpg
564,train/unlabel/unlabel_3c602c9a0b.jpg
565,train/unlabel/unlabel_66d5fe2961.jpg
566,train/unlabel/unlabel_bf28a13782.jpg
567,train/unlabel/unlabel_d722eb72b6.jpg
568,train/unlabel/unlabel_775a2947b3.jpg
569,train/unlabel/unlabel_680bf1dd94.jpg
570,train/unlabel/unlabel_6a1e63c67a.jpg
571,train/unlabel/unlabel_a2761cce77.jpg
572,train/unlabel/unlabel_1fadf3746c.jpg
573,train/unlabel/unlabel_2bd79c0c73.jpg
574,train/unlabel/unlabel_d55a79592d.jpg
575,train/unlabel/unlabel_fd9fd243c5.jpg
576,train/unlabel/unlabel_fd01aad52f.jpg
577,train/unlabel/unlabel_2883052746.jpg
578,train/unlabel/unlabel_2db064fa34.jpg
579,train/unlabel/unlabel_3715910717.jpg
580,train/unlabel/unlabel_3c0acd614e.jpg
581,train/unlabel/unlabel_dcfeb334fd.jpg
582,train/unlabel/unlabel_58fe2d176c.jpg
583,train/unlabel/unlabel_1e898f3ea3.jpg
584,train/unlabel/unlabel_ddc7cf064f.jpg
585,train/unlabel/unlabel_95bba94f6e.jpg
586,train/unlabel/unlabel_bb1bce93a5.jpg
587,train/unlabel/unlabel_b5986549fa.jpg
588,train/unlabel/unlabel_85aadc6790.jpg
589,train/unlabel/unlabel_f060358d9c.jpg
590,train/unlabel/unlabel_b263a96592.jpg
591,train/unlabel/unlabel_d51d3780c9.jpg
592,train/unlabel/unlabel_33b88003da.jpg
593,train/unlabel/unlabel_d52625e1d3.jpg
594,train/unlabel/unlabel_2a62252326.jpg
595,train/unlabel/unlabel_8e2eefdee0.jpg
596,train/unlabel/unlabel_7803b47b68.jpg
597,train/unlabel/unlabel_61536020cd.jpg
598,train/unlabel/unlabel_20115d794a.jpg
599,train/unlabel/unlabel_01297f44a8.jpg
600,train/unlabel/unlabel_f55a24805c.jpg
601,train/unlabel/unlabel_e1f2db3cee.jpg
602,train/unlabel/unlabel_adddf97a12.jpg
603,train/unlabel/unlabel_c24559d702.jpg
604,train/unlabel/unlabel_4fe4ae36cc.jpg
605,train/unlabel/unlabel_e0e5fed8c7.jpg
606,train/unlabel/unlabel_7bc1f01696.jpg
607,train/unlabel/unlabel_ac138378d1.jpg
608,train/unlabel/unlabel_1e830631cd.jpg
609,train/unlabel/unlabel_032ebd880d.jpg
610,train/unlabel/unlabel_945bad4c64.jpg
611,train/unlabel/unlabel_3403280d29.jpg
612,train/unlabel/unlabel_c112f6d715.jpg
613,train/unlabel/unlabel_677e448dd8.jpg
614,train/unlabel/unlabel_2d174f5a5b.jpg
615,train/unlabel/unlabel_68413cc7fc.jpg
616,train/unlabel/unlabel_5a7db64261.jpg
617,train/unlabel/unlabel_25672e2cf0.jpg
618,train/unlabel/unlabel_026726ffd5.jpg
619,train/unlabel/unlabel_a4993b2732.jpg
620,train/unlabel/unlabel_5e49ae8887.jpg
621,train/unlabel/unlabel_a2a359fcaa.jpg
622,train/unlabel/unlabel_e6e9653ce4.jpg
623,train/unlabel/unlabel_aeb49b6430.jpg
624,train/unlabel/unlabel_530d40928d.jpg
625,train/unlabel/unlabel_1238573ff6.jpg
626,train/unlabel/unlabel_b99bb73df1.jpg
627,train/unlabel/unlabel_fbb5cfd632.jpg
628,train/unlabel/unlabel_90733443b9.jpg
629,train/unlabel/unlabel_9d4d60225b.jpg
630,train/unlabel/unlabel_cb4be7df53.jpg
631,train/unlabel/unlabel_b9469cc21a.jpg
632,train/unlabel/unlabel_e9a1dfa0ba.jpg
633,train/unlabel/unlabel_cf59f9acf8.jpg
634,train/unlabel/unlabel_ec04e64895.jpg
635,train/unlabel/unlabel_93b54ddb3a.jpg
636,train/unlabel/unlabel_99ec39eb5d.jpg
637,train/unlabel/unlabel_a1599cd76b.jpg
638,train/unlabel/unlabel_c00d33399c.jpg
639,train/unlabel/unlabel_8c643403a5.jpg
640,train/unlabel/unlabel_cb3788e3b6.jpg
641,train/unlabel/unlabel_3f17a8772c.jpg
642,train/unlabel/unlabel_6956b05fb6.jpg
643,train/unlabel/unlabel_cd977b26af.jpg
644,train/unlabel/unlabel_feae870b6f.jpg
645,train/unlabel/unlabel_9f6f88b7b0.jpg
646,train/unlabel/unlabel_3c73c0d027.jpg
647,train/unlabel/unlabel_6fd2a90e2c.jpg
648,train/unlabel/unlabel_f4f353ed58.jpg
649,train/unlabel/unlabel_050a7d7f90.jpg
650,train/unlabel/unlabel_5bdfee587a.jpg
651,train/unlabel/unlabel_2bd4377da2.jpg
652,train/unlabel/unlabel_6cefafcdeb.jpg
653,train/unlabel/unlabel_38ef682053.jpg
654,train/unlabel/unlabel_9e809dbe03.jpg
655,train/unlabel/unlabel_72bc7276aa.jpg
656,train/unlabel/unlabel_dcc5628a2f.jpg
657,train/unlabel/unlabel_89e5339dcd.jpg
658,train/unlabel/unlabel_73788a1c98.jpg
659,train/unlabel/unlabel_1c51e75fd9.jpg
660,train/unlabel/unlabel_1b9d4dd37e.jpg
661,train/unlabel/unlabel_76dafe87e6.jpg
662,train/unlabel/unlabel_273969ea3a.jpg
663,train/unlabel/unlabel_21f7982c16.jpg
664,train/unlabel/unlabel_0e9666192a.jpg
665,train/unlabel/unlabel_3958207f01.jpg
666,train/unlabel/unlabel_a90d9f354b.jpg
667,train/unlabel/unlabel_9c50f21c43.jpg
668,train/unlabel/unlabel_9f8e510f2f.jpg
669,train/unlabel/unlabel_3e37d254fa.jpg
670,train/unlabel/unlabel_5ed3cba765.jpg
671,train/unlabel/unlabel_6c8afaa459.jpg
672,train/unlabel/unlabel_f3135e97a0.jpg
673,train/unlabel/unlabel_f855da4d14.jpg
674,train/unlabel/unlabel_b6cadc38d5.jpg
675,train/unlabel/unlabel_9bdc728888.jpg
676,train/unlabel/unlabel_87c960abfa.jpg
677,train/unlabel/unlabel_74f66f67be.jpg
678,train/unlabel/unlabel_51b474590d.jpg
679,train/unlabel/unlabel_fc45d6fe28.jpg
680,train/unlabel/unlabel_c926ce7de7.jpg
681,train/unlabel/unlabel_6d48e0ae04.jpg
682,train/unlabel/unlabel_6f4f013343.jpg
683,train/unlabel/unlabel_bfd941313a.jpg
684,train/unlabel/unlabel_0694e8e726.jpg
685,train/unlabel/unlabel_3f3ff6a52d.jpg
686,train/unlabel/unlabel_48cc1de673.jpg
687,train/unlabel/unlabel_f9bcfd7dbf.jpg
688,train/unlabel/unlabel_2356720e77.jpg
689,train/unlabel/unlabel_f5af768df3.jpg
690,train/unlabel/unlabel_4bc52a9f46.jpg
691,train/unlabel/unlabel_ead39f4833.jpg
692,train/unlabel/unlabel_f9716cc432.jpg
693,train/unlabel/unlabel_d043e6fff0.jpg
694,train/unlabel/unlabel_e5a966dd14.jpg
695,train/unlabel/unlabel_7f709a8571.jpg
696,train/unlabel/unlabel_929337ed0b.jpg
697,train/unlabel/unlabel_2150351bbd.jpg
698,train/unlabel/unlabel_ead499eb0c.jpg
699,train/unlabel/unlabel_8c9e861dca.jpg
700,train/unlabel/unlabel_e51edff6af.jpg
701,train/unlabel/unlabel_0f9f08698d.jpg
702,train/unlabel/unlabel_5f7b7a9d84.jpg
703,train/unlabel/unlabel_935a0b3c6d.jpg
704,train/unlabel/unlabel_df435c12d4.jpg
705,train/unlabel/unlabel_e128930e8d.jpg
706,train/unlabel/unlabel_9db1d91446.jpg
707,train/unlabel/unlabel_dc0b77f34a.jpg
708,train/unlabel/unlabel_eec0783931.jpg
709,train/unlabel/unlabel_58561dd57e.jpg
710,train/unlabel/unlabel_eae047ab3e.jpg
711,train/unlabel/unlabel_6e9ac08e7b.jpg
712,train/unlabel/unlabel_33887cb465.jpg
713,train/unlabel/unlabel_6cf6bf95f6.jpg
714,train/unlabel/unlabel_ced5d2446b.jpg
715,train/unlabel/unlabel_02c88b0bcf.jpg
716,train/unlabel/unlabel_75abf4ecd2.jpg
717,train/unlabel/unlabel_69cb7f65b5.jpg
718,train/unlabel/unlabel_67b638a046.jpg
719,train/unlabel/unlabel_655b4d593e.jpg
720,train/unlabel/unlabel_6e992fdd75.jpg
721,train/unlabel/unlabel_93b4fcdc2b.jpg
722,train/unlabel/unlabel_980cfa7cf2.jpg
723,train/unlabel/unlabel_939c0491f4.jpg
724,train/unlabel/unlabel_c6927b5b14.jpg
725,train/unlabel/unlabel_0843292c53.jpg
726,train/unlabel/unlabel_7a0596b0d9.jpg
727,train/unlabel/unlabel_7596b60f89.jpg
728,train/unlabel/unlabel_cafdc036f3.jpg
729,train/unlabel/unlabel_2e8e1bb26c.jpg
730,train/unlabel/unlabel_fa6da244d9.jpg
731,train/unlabel/unlabel_0ba24ff771.jpg
732,train/unlabel/unlabel_054d6bd9e5.jpg
733,train/unlabel/unlabel_cb60bc2c70.jpg
734,train/unlabel/unlabel_374e4116b9.jpg
735,train/unlabel/unlabel_a1d8731aab.jpg
736,train/unlabel/unlabel_5b08e56019.jpg
737,train/unlabel/unlabel_8f957e4279.jpg
738,train/unlabel/unlabel_13c37340a8.jpg
739,train/unlabel/unlabel_53efd5b81a.jpg
740,train/unlabel/unlabel_7fe339efd3.jpg
741,train/unlabel/unlabel_5cfe1374c4.jpg
742,train/unlabel/unlabel_2608e95c77.jpg
743,train/unlabel/unlabel_10c198d577.jpg
744,train/unlabel/unlabel_f8518e0fd3.jpg
745,train/unlabel/unlabel_f664c1ca5a.jpg
746,train/unlabel/unlabel_4122eae91e.jpg
747,train/unlabel/unlabel_f624e0399b.jpg
748,train/unlabel/unlabel_f0f37a3b68.jpg
749,train/unlabel/unlabel_8a0d4cc4fc.jpg
750,train/unlabel/unlabel_4ef71a36b2.jpg
751,train/unlabel/unlabel_89a1025a29.jpg
752,train/unlabel/unlabel_663d29ccd2.jpg
753,train/unlabel/unlabel_e5d996fe93.jpg
754,train/unlabel/unlabel_1c7ac0233f.jpg
755,train/unlabel/unlabel_633506deea.jpg
756,train/unlabel/unlabel_1a1efba2ac.jpg
757,train/unlabel/unlabel_56a061e370.jpg
758,train/unlabel/unlabel_3b56790394.jpg
759,train/unlabel/unlabel_56444d0a71.jpg
760,train/unlabel/unlabel_5ec04c1f5f.jpg
761,train/unlabel/unlabel_37a780fe44.jpg
762,train/unlabel/unlabel_4917a2aa45.jpg
763,train/unlabel/unlabel_0378ba3446.jpg
764,train/unlabel/unlabel_5f45d51f0c.jpg
765,train/unlabel/unlabel_24c4dfac5f.jpg
766,train/unlabel/unlabel_d2aec8b545.jpg
767,train/unlabel/unlabel_ce0c99e1c9.jpg
768,train/unlabel/unlabel_66aa6267b2.jpg
769,train/unlabel/unlabel_419e3daea7.jpg
770,train/unlabel/unlabel_59a3f8dbf3.jpg
771,train/unlabel/unlabel_da03d169e6.jpg
772,train/unlabel/unlabel_824655f266.jpg
773,train/unlabel/unlabel_f7d85b58d6.jpg
774,train/unlabel/unlabel_aad7a713e4.jpg
775,train/unlabel/unlabel_3dbb4a773b.jpg
776,train/unlabel/unlabel_193381954b.jpg
777,train/unlabel/unlabel_7b82887e70.jpg
778,train/unlabel/unlabel_be1b4c9182.jpg
779,train/unlabel/unlabel_83e35f0851.jpg
780,train/unlabel/unlabel_fb7277be9a.jpg
781,train/unlabel/unlabel_5f1955124f.jpg
782,train/unlabel/unlabel_136965c32b.jpg
783,train/unlabel/unlabel_388c0ac6c6.jpg
784,train/unlabel/unlabel_9b0f1fcebc.jpg
785,train/unlabel/unlabel_4b009c2cb8.jpg
786,train/unlabel/unlabel_92a5b7312e.jpg
787,train/unlabel/unlabel_e7b00cc52b.jpg
788,train/unlabel/unlabel_39fb9116f2.jpg
789,train/unlabel/unlabel_ef12f1784b.jpg
790,train/unlabel/unlabel_479f1d420e.jpg
791,train/unlabel/unlabel_b189938103.jpg
792,train/unlabel/unlabel_4bc614d429.jpg
793,train/unlabel/unlabel_ead2d3a977.jpg
794,train/unlabel/unlabel_4773fba63d.jpg
795,train/unlabel/unlabel_415b45af77.jpg
796,train/unlabel/unlabel_f70434c73f.jpg
797,train/unlabel/unlabel_f6544f4627.jpg
798,train/unlabel/unlabel_dd417e56f8.jpg
799,train/unlabel/unlabel_3de813d696.jpg
800,train/unlabel/unlabel_3dd68e0f88.jpg
801,train/unlabel/unlabel_3eaaefb9d5.jpg
802,train/unlabel/unlabel_f6652f3fa6.jpg
803,train/unlabel/unlabel_98c0a2ab0f.jpg
804,train/unlabel/unlabel_798b377c0c.jpg
805,train/unlabel/unlabel_03fe68b59e.jpg
806,train/unlabel/unlabel_cdc5cf4103.jpg
807,train/unlabel/unlabel_53263ddc23.jpg
808,train/unlabel/unlabel_bf6e8c0ab8.jpg
809,train/unlabel/unlabel_b39ef016f9.jpg
810,train/unlabel/unlabel_190860ce7f.jpg
811,train/unlabel/unlabel_854f7e5e6b.jpg
812,train/unlabel/unlabel_acdb5ce425.jpg
813,train/unlabel/unlabel_2c975af05a.jpg
814,train/unlabel/unlabel_a9f0c41d53.jpg
815,train/unlabel/unlabel_cd1d0e2008.jpg
816,train/unlabel/unlabel_a9287d6e7a.jpg
817,train/unlabel/unlabel_f0c4c203a6.jpg
818,train/unlabel/unlabel_8d6e50f689.jpg
819,train/unlabel/unlabel_57099092c2.jpg
820,train/unlabel/unlabel_98f54f95b2.jpg
821,train/unlabel/unlabel_f6739034ed.jpg
822,train/unlabel/unlabel_1b5e46794b.jpg
823,train/unlabel/unlabel_a1fe8b9aa0.jpg
824,train/unlabel/unlabel_3ad4d29724.jpg
825,train/unlabel/unlabel_833794ad66.jpg
826,train/unlabel/unlabel_9bbe375799.jpg
827,train/unlabel/unlabel_53ccaeb1dd.jpg
828,train/unlabel/unlabel_2af22402e6.jpg
829,train/unlabel/unlabel_8729775339.jpg
830,train/unlabel/unlabel_8d64a7dbbf.jpg
831,train/unlabel/unlabel_de5f9ad26b.jpg
832,train/unlabel/unlabel_b2124125bb.jpg
833,train/unlabel/unlabel_6f6be64d72.jpg
834,train/unlabel/unlabel_4c2067aad5.jpg
835,train/unlabel/unlabel_453419a726.jpg
836,train/unlabel/unlabel_e324b99aeb.jpg
837,train/unlabel/unlabel_c5dae118bd.jpg
838,train/unlabel/unlabel_3ed6fe3d4a.jpg
839,train/unlabel/unlabel_647401c209.jpg
840,train/unlabel/unlabel_baf8e9a69c.jpg
841,train/unlabel/unlabel_c3faee26ab.jpg
842,train/unlabel/unlabel_6625ac9e5c.jpg
843,train/unlabel/unlabel_192b11a976.jpg
844,train/unlabel/unlabel_a1372f5502.jpg
845,train/unlabel/unlabel_9fe8399a8d.jpg
846,train/unlabel/unlabel_25b1fd0549.jpg
847,train/unlabel/unlabel_a637ee75bf.jpg
848,train/unlabel/unlabel_1eba85f871.jpg
849,train/unlabel/unlabel_6993d91494.jpg
850,train/unlabel/unlabel_009e0b62b9.jpg
851,train/unlabel/unlabel_f1c6b7a8f9.jpg
852,train/unlabel/unlabel_37966657c4.jpg
853,train/unlabel/unlabel_75bfaa2bf2.jpg
854,train/unlabel/unlabel_642c8e7884.jpg
855,train/unlabel/unlabel_512fe4352f.jpg
856,train/unlabel/unlabel_6c3b2f92f8.jpg
857,train/unlabel/unlabel_c47ac50606.jpg
858,train/unlabel/unlabel_f9a36dfb35.jpg
859,train/unlabel/unlabel_a042ef26a4.jpg
860,train/unlabel/unlabel_b51825ae7f.jpg
861,train/unlabel/unlabel_9b2dadfdf0.jpg
862,train/unlabel/unlabel_e6f01b9847.jpg
863,train/unlabel/unlabel_d5e10f490a.jpg
864,train/unlabel/unlabel_72af59fe64.jpg
865,train/unlabel/unlabel_9d894776ba.jpg
866,train/unlabel/unlabel_a99aea5411.jpg
867,train/unlabel/unlabel_98d8131598.jpg
868,train/unlabel/unlabel_9330617409.jpg
869,train/unlabel/unlabel_4cb8eadb5a.jpg
870,train/unlabel/unlabel_3127b69b53.jpg
871,train/unlabel/unlabel_8df64563c2.jpg
872,train/unlabel/unlabel_df94100a62.jpg
873,train/unlabel/unlabel_a7f2b674ac.jpg
874,train/unlabel/unlabel_b38fd27506.jpg
875,train/unlabel/unlabel_2f33289b85.jpg
876,train/unlabel/unlabel_deff4afedc.jpg
877,train/unlabel/unlabel_7f51025f2a.jpg
878,train/unlabel/unlabel_18d3fded82.jpg
879,train/unlabel/unlabel_4925981baa.jpg
880,train/unlabel/unlabel_314341332a.jpg
881,train/unlabel/unlabel_98aea26eca.jpg
882,train/unlabel/unlabel_82bc26b960.jpg
883,train/unlabel/unlabel_c582b1abfb.jpg
884,train/unlabel/unlabel_55faf5411e.jpg
885,train/unlabel/unlabel_188b7401bd.jpg
886,train/unlabel/unlabel_9dfc510a38.jpg
887,train/unlabel/unlabel_71ae5555a4.jpg
888,train/unlabel/unlabel_fc94b6dd05.jpg
889,train/unlabel/unlabel_09a85510b0.jpg
890,train/unlabel/unlabel_3568d3db7b.jpg
891,train/unlabel/unlabel_bff08115c8.jpg
892,train/unlabel/unlabel_14393e1830.jpg
893,train/unlabel/unlabel_0e30e50a09.jpg
894,train/unlabel/unlabel_db1d84e1b8.jpg
895,train/unlabel/unlabel_0050fe39ea.jpg
896,train/unlabel/unlabel_3984799afb.jpg
897,train/unlabel/unlabel_f3e2aa4f48.jpg
898,train/unlabel/unlabel_08aa7e5804.jpg
899,train/unlabel/unlabel_44e26e0639.jpg
900,train/unlabel/unlabel_87da6b3471.jpg
901,train/unlabel/unlabel_88b9e04779.jpg
902,train/unlabel/unlabel_8f655ecfe0.jpg
903,train/unlabel/unlabel_8e137e843c.jpg
904,train/unlabel/unlabel_fb9d754b29.jpg
905,train/unlabel/unlabel_413413458c.jpg
906,train/unlabel/unlabel_609f871219.jpg
907,train/unlabel/unlabel_f69c1f83d6.jpg
908,train/unlabel/unlabel_78d5a5c11e.jpg
909,train/unlabel/unlabel_ac71676056.jpg
910,train/unlabel/unlabel_7c1983f78b.jpg
911,train/unlabel/unlabel_9be18d1a4c.jpg
912,train/unlabel/unlabel_8d393cafa7.jpg
913,train/unlabel/unlabel_e4bf560f6e.jpg
914,train/unlabel/unlabel_efd7505c94.jpg
915,train/unlabel/unlabel_d5fdfe228d.jpg
916,train/unlabel/unlabel_cd222dd377.jpg
917,train/unlabel/unlabel_9694c8320b.jpg
918,train/unlabel/unlabel_2ddc72b7fa.jpg
919,train/unlabel/unlabel_86254e368a.jpg
920,train/unlabel/unlabel_f0292ccda5.jpg
921,train/unlabel/unlabel_7f900f4b11.jpg
922,train/unlabel/unlabel_02ef667ac2.jpg
923,train/unlabel/unlabel_856b436737.jpg
924,train/unlabel/unlabel_162add5554.jpg
925,train/unlabel/unlabel_fddf8adc01.jpg
926,train/unlabel/unlabel_a1a1f36b75.jpg
927,train/unlabel/unlabel_3796641ddc.jpg
928,train/unlabel/unlabel_f3d223ef1b.jpg
929,train/unlabel/unlabel_d45770e6e8.jpg
930,train/unlabel/unlabel_cc110f7c0c.jpg
931,train/unlabel/unlabel_e2b00f50bc.jpg
932,train/unlabel/unlabel_a99237188f.jpg
933,train/unlabel/unlabel_b6debc29d8.jpg
934,train/unlabel/unlabel_b2f8e8538a.jpg
935,train/unlabel/unlabel_cea6e94939.jpg
936,train/unlabel/unlabel_847ea18e36.jpg
937,train/unlabel/unlabel_7cba5cfcad.jpg
938,train/unlabel/unlabel_0133f5cabf.jpg
939,train/unlabel/unlabel_caa3475d89.jpg
940,train/unlabel/unlabel_0bb91247c8.jpg
941,train/unlabel/unlabel_71258db296.jpg
942,train/unlabel/unlabel_b3d93ee51f.jpg
943,train/unlabel/unlabel_af6f4b37ea.jpg
944,train/unlabel/unlabel_7a2cc7081f.jpg
945,train/unlabel/unlabel_97ce707290.jpg
946,train/unlabel/unlabel_2dc94f6bc2.jpg
947,train/unlabel/unlabel_0535de6686.jpg
948,train/unlabel/unlabel_96dc11a6e7.jpg
949,train/unlabel/unlabel_a71af61c1d.jpg
950,train/unlabel/unlabel_bea60fcf2d.jpg
951,train/unlabel/unlabel_dc826388aa.jpg
952,train/unlabel/unlabel_2edefb4fc5.jpg
953,train/unlabel/unlabel_ce24fc2f68.jpg
954,train/unlabel/unlabel_b8c80d8a3b.jpg
955,train/unlabel/unlabel_1c6bba21ed.jpg
956,train/unlabel/unlabel_5aeafd4e0f.jpg
957,train/unlabel/unlabel_d3d6f340a3.jpg
958,train/unlabel/unlabel_97420096db.jpg
959,train/unlabel/unlabel_9fe651159d.jpg
960,train/unlabel/unlabel_b93f1d3522.jpg
961,train/unlabel/unlabel_840f7688fd.jpg
962,train/unlabel/unlabel_d41abc1d52.jpg
963,train/unlabel/unlabel_44de50cbce.jpg
964,train/unlabel/unlabel_ff39c662c4.jpg
965,train/unlabel/unlabel_d12fc60330.jpg
966,train/unlabel/unlabel_003a7b5f9e.jpg
967,train/unlabel/unlabel_2da1e93282.jpg
968,train/unlabel/unlabel_8dab233111.jpg
969,train/unlabel/unlabel_5d995ff28c.jpg
970,train/unlabel/unlabel_58335266a5.jpg
971,train/unlabel/unlabel_99e96da2a4.jpg
972,train/unlabel/unlabel_025a96552e.jpg
973,train/unlabel/unlabel_eda0909578.jpg
974,train/unlabel/unlabel_b42f87678f.jpg
975,train/unlabel/unlabel_d8d638f1f0.jpg
976,train/unlabel/unlabel_74b1195b06.jpg
977,train/unlabel/unlabel_cc9e20a32e.jpg
978,train/unlabel/unlabel_747d86641b.jpg
979,train/unlabel/unlabel_100c27bdbe.jpg
980,train/unlabel/unlabel_f77b43f45c.jpg
981,train/unlabel/unlabel_f6d78eb935.jpg
982,train/unlabel/unlabel_0562619d62.jpg
983,train/unlabel/unlabel_e1041740de.jpg
984,train/unlabel/unlabel_0552e3e7df.jpg
985,train/unlabel/unlabel_ec93046b2d.jpg
986,train/unlabel/unlabel_7b044a4f8c.jpg
987,train/unlabel/unlabel_71e0744d83.jpg
988,train/unlabel/unlabel_5896cc0368.jpg
989,train/unlabel/unlabel_70802d974b.jpg
990,train/unlabel/unlabel_11cbd527f4.jpg
991,train/unlabel/unlabel_8625f0faa0.jpg
992,train/unlabel/unlabel_a219168f27.jpg
993,train/unlabel/unlabel_4d28c14171.jpg
994,train/unlabel/unlabel_bc227759c5.jpg
995,train/unlabel/unlabel_96d5a48111.jpg
996,train/unlabel/unlabel_5804ef2eb5.jpg
997,train/unlabel/unlabel_caac25e05a.jpg
998,train/unlabel/unlabel_ea7abc7f30.jpg
999,train/unlabel/unlabel_6bd2122055.jpg
1000,train/unlabel/unlabel_408a822d2c.jpg
1001,train/unlabel/unlabel_e7221c146b.jpg
1002,train/unlabel/unlabel_cd5ff19c1a.jpg
1003,train/unlabel/unlabel_30f6a8c429.jpg
1004,train/unlabel/unlabel_ed13644c97.jpg
1005,train/unlabel/unlabel_04072df0f3.jpg
1006,train/unlabel/unlabel_ac1d88b15f.jpg
1007,train/unlabel/unlabel_ae6507747f.jpg
1008,train/unlabel/unlabel_144754a2f6.jpg
1009,train/unlabel/unlabel_359d567dea.jpg
1010,train/unlabel/unlabel_cf07504a5c.jpg
1011,train/unlabel/unlabel_83ab297935.jpg
1012,train/unlabel/unlabel_c04d89b7c3.jpg
1013,train/unlabel/unlabel_90928423f4.jpg
1014,train/unlabel/unlabel_cd73511e8b.jpg
1015,train/unlabel/unlabel_7aab164bc4.jpg
1016,train/unlabel/unlabel_45c3f6b74a.jpg
1017,train/unlabel/unlabel_cf7ac5d5b8.jpg
1018,train/unlabel/unlabel_5933068aaf.jpg
1019,train/unlabel/unlabel_c498a39e80.jpg
1020,train/unlabel/unlabel_b116ffb816.jpg
1021,train/unlabel/unlabel_1050dc8b4d.jpg
1022,train/unlabel/unlabel_0d3db1a2a3.jpg
1023,train/unlabel/unlabel_17728ddc51.jpg
1024,train/unlabel/unlabel_aaf5c0e55e.jpg
1025,train/unlabel/unlabel_676c768a1e.jpg
1026,train/unlabel/unlabel_12e3ffad44.jpg
1027,train/unlabel/unlabel_cbc5ec18ef.jpg
1028,train/unlabel/unlabel_7d8cc2b9b7.jpg
1029,train/unlabel/unlabel_5a1fc1621e.jpg
1030,train/unlabel/unlabel_94de5ac08e.jpg
1031,train/unlabel/unlabel_775be4114e.jpg
1032,train/unlabel/unlabel_8220f53c76.jpg
1033,train/unlabel/unlabel_c8292f8c24.jpg
1034,train/unlabel/unlabel_1a23066997.jpg
1035,train/unlabel/unlabel_fc0d775a6b.jpg
1036,train/unlabel/unlabel_5fe4354391.jpg
1037,train/unlabel/unlabel_c54cbabc72.jpg
1038,train/unlabel/unlabel_1535628327.jpg
1039,train/unlabel/unlabel_ae3f8032c6.jpg
1040,train/unlabel/unlabel_8da45e44a5.jpg
1041,train/unlabel/unlabel_da76368216.jpg
1042,train/unlabel/unlabel_a99f4f5e56.jpg
1043,train/unlabel/unlabel_221ccc6e76.jpg
1044,train/unlabel/unlabel_565370f108.jpg
1045,train/unlabel/unlabel_408f10d195.jpg
1046,train/unlabel/unlabel_2ec9e24b57.jpg
1047,train/unlabel/unlabel_5343ebdc5d.jpg
1048,train/unlabel/unlabel_91364dc9e6.jpg
1049,train/unlabel/unlabel_14f17a1b38.jpg
1050,train/unlabel/unlabel_5e3f9db6a7.jpg
1051,train/unlabel/unlabel_49bdc4fe65.jpg
1052,train/unlabel/unlabel_1d7d67f658.jpg
1053,train/unlabel/unlabel_f3852d05d4.jpg
1054,train/unlabel/unlabel_f50075391f.jpg
1055,train/unlabel/unlabel_98231f99ed.jpg
1056,train/unlabel/unlabel_3bef3486ae.jpg
1057,train/unlabel/unlabel_d877684e32.jpg
1058,train/unlabel/unlabel_f3e5fe2bcd.jpg
1059,train/unlabel/unlabel_a8deafd157.jpg
1060,train/unlabel/unlabel_70a3c0cd79.jpg
1061,train/unlabel/unlabel_81fbab1a65.jpg
1062,train/unlabel/unlabel_aa7da4ab01.jpg
1063,train/unlabel/unlabel_07a48dcccc.jpg
1064,train/unlabel/unlabel_44df19f407.jpg
1065,train/unlabel/unlabel_e155afc886.jpg
1066,train/unlabel/unlabel_cfde532b61.jpg
1067,train/unlabel/unlabel_36ceba7305.jpg
1068,train/unlabel/unlabel_a491d00b4e.jpg
1069,train/unlabel/unlabel_9b32bd1b5a.jpg
1070,train/unlabel/unlabel_5a06e7923b.jpg
1071,train/unlabel/unlabel_9345e0ea4c.jpg
1072,train/unlabel/unlabel_17eecf7b57.jpg
1073,train/unlabel/unlabel_dc4fb20966.jpg
1074,train/unlabel/unlabel_4f6597e883.jpg
1075,train/unlabel/unlabel_447475bf61.jpg
1076,train/unlabel/unlabel_0ba877d22b.jpg
1077,train/unlabel/unlabel_a276c94a7e.jpg
1078,train/unlabel/unlabel_8e4d5ce301.jpg
1079,train/unlabel/unlabel_9f6e0243a4.jpg
1080,train/unlabel/unlabel_513278af7a.jpg
1081,train/unlabel/unlabel_213ee30d41.jpg
1082,train/unlabel/unlabel_b56b688343.jpg
1083,train/unlabel/unlabel_d4dab15d20.jpg
1084,train/unlabel/unlabel_75f3baa268.jpg
1085,train/unlabel/unlabel_213b0cda4e.jpg
1086,train/unlabel/unlabel_2a0cd16d6d.jpg
1087,train/unlabel/unlabel_95d9f3bf84.jpg
1088,train/unlabel/unlabel_bba871a57e.jpg
1089,train/unlabel/unlabel_f60018c192.jpg
1090,train/unlabel/unlabel_d295183be6.jpg
1091,train/unlabel/unlabel_bf7d236ce2.jpg
1092,train/unlabel/unlabel_baaf4b50a1.jpg
1093,train/unlabel/unlabel_c0673301ed.jpg
1094,train/unlabel/unlabel_a140c02a2b.jpg
1095,train/unlabel/unlabel_3a16a6c756.jpg
1096,train/unlabel/unlabel_2382568bb4.jpg
1097,train/unlabel/unlabel_083722083c.jpg
1098,train/unlabel/unlabel_69c7c48dc9.jpg
1099,train/unlabel/unlabel_5d0dbad95c.jpg
1100,train/unlabel/unlabel_00070c74b5.jpg
1101,train/unlabel/unlabel_69bff9ff2a.jpg
1102,train/unlabel/unlabel_a1c98b9af3.jpg
1103,train/unlabel/unlabel_6412d17a1f.jpg
1104,train/unlabel/unlabel_d5d8b5ecff.jpg
1105,train/unlabel/unlabel_5bc857e71f.jpg
1106,train/unlabel/unlabel_c2c071bb1f.jpg
1107,train/unlabel/unlabel_aa67e010e7.jpg
1108,train/unlabel/unlabel_144f776106.jpg
1109,train/unlabel/unlabel_7b055077be.jpg
1110,train/unlabel/unlabel_57d4aabfa0.jpg
1111,train/unlabel/unlabel_deeeee64e5.jpg
1112,train/unlabel/unlabel_21cbc3dbae.jpg
1113,train/unlabel/unlabel_ea685ad40c.jpg
1114,train/unlabel/unlabel_f78f6e03e0.jpg
1115,train/unlabel/unlabel_64e0f7757d.jpg
1116,train/unlabel/unlabel_6fde26fd07.jpg
1117,train/unlabel/unlabel_de235039ab.jpg
1118,train/unlabel/unlabel_b52f78e7d1.jpg
1119,train/unlabel/unlabel_0f9cf7775e.jpg
1120,train/unlabel/unlabel_62f45bcdc4.jpg
1121,train/unlabel/unlabel_11902a05b2.jpg
1122,train/unlabel/unlabel_a95941ad59.jpg
1123,train/unlabel/unlabel_44eff0d73c.jpg
1124,train/unlabel/unlabel_ec99ff3fdf.jpg
1125,train/unlabel/unlabel_a020b20b58.jpg
1126,train/unlabel/unlabel_fd88f82f17.jpg
1127,train/unlabel/unlabel_0bd6a31a5f.jpg
1128,train/unlabel/unlabel_93e9b0cbbb.jpg
1129,train/unlabel/unlabel_0a90663b5d.jpg
1130,train/unlabel/unlabel_8f8820798c.jpg
1131,train/unlabel/unlabel_7aa91f3f04.jpg
1132,train/unlabel/unlabel_27b70a5484.jpg
1133,train/unlabel/unlabel_4c9a40c6dd.jpg
1134,train/unlabel/unlabel_62c6620ba4.jpg
1135,train/unlabel/unlabel_c366101394.jpg
1136,train/unlabel/unlabel_9e1d4662bb.jpg
1137,train/unlabel/unlabel_f9bf8e93a2.jpg
1138,train/unlabel/unlabel_b78ca20e60.jpg
1139,train/unlabel/unlabel_a336c89133.jpg
1140,train/unlabel/unlabel_1c95762e67.jpg
1141,train/unlabel/unlabel_55def84bc5.jpg
1142,train/unlabel/unlabel_0a21118ad6.jpg
1143,train/unlabel/unlabel_5c7dba7416.jpg
1144,train/unlabel/unlabel_4bece44206.jpg
1145,train/unlabel/unlabel_761b5a1777.jpg
1146,train/unlabel/unlabel_18eb7a03c6.jpg
1147,train/unlabel/unlabel_80eca3fe87.jpg
1148,train/unlabel/unlabel_b738866e6d.jpg
1149,train/unlabel/unlabel_a2397eca33.jpg
1150,train/unlabel/unlabel_0e067607bc.jpg
1151,train/unlabel/unlabel_4748595fc5.jpg
1152,train/unlabel/unlabel_d497a2231c.jpg
1153,train/unlabel/unlabel_823554a4e1.jpg
1154,train/unlabel/unlabel_7878aae12f.jpg
1155,train/unlabel/unlabel_f96ff38276.jpg
1156,train/unlabel/unlabel_377f5fd299.jpg
1157,train/unlabel/unlabel_515eecdbba.jpg
1158,train/unlabel/unlabel_4f85a08c07.jpg
1159,train/unlabel/unlabel_10b6f8d3d8.jpg
1160,train/unlabel/unlabel_63af81c090.jpg
1161,train/unlabel/unlabel_ffb4e60086.jpg
1162,train/unlabel/unlabel_57ab78131b.jpg
1163,train/unlabel/unlabel_7b2cfd83ab.jpg
1164,train/unlabel/unlabel_37c3840c91.jpg
1165,train/unlabel/unlabel_86f762c1f8.jpg
1166,train/unlabel/unlabel_4daf87837b.jpg
1167,train/unlabel/unlabel_5bdc561204.jpg
1168,train/unlabel/unlabel_e413744537.jpg
1169,train/unlabel/unlabel_4e780859f4.jpg
1170,train/unlabel/unlabel_c1902cdb34.jpg
1171,train/unlabel/unlabel_b8c6ed1aa9.jpg
1172,train/unlabel/unlabel_a961292806.jpg
1173,train/unlabel/unlabel_8e23095f73.jpg
1174,train/unlabel/unlabel_2dabb71dbe.jpg
1175,train/unlabel/unlabel_40abec63bf.jpg
1176,train/unlabel/unlabel_0090c32e40.jpg
1177,train/unlabel/unlabel_40e792115e.jpg
1178,train/unlabel/unlabel_a7667b5d3c.jpg
1179,train/unlabel/unlabel_c59ec6b507.jpg
1180,train/unlabel/unlabel_43cd7bc40c.jpg
1181,train/unlabel/unlabel_b6e6974aab.jpg
1182,train/unlabel/unlabel_c5d73883ad.jpg
1183,train/unlabel/unlabel_24aa2504f6.jpg
1184,train/unlabel/unlabel_ffdead589f.jpg
1185,train/unlabel/unlabel_7a2c3a6d11.jpg
1186,train/unlabel/unlabel_d295abab8d.jpg
1187,train/unlabel/unlabel_f117a9c118.jpg
1188,train/unlabel/unlabel_2a378ab741.jpg
1189,train/unlabel/unlabel_39c797f983.jpg
1190,train/unlabel/unlabel_1ea4e5177f.jpg
1191,train/unlabel/unlabel_443c3ef66f.jpg
1192,train/unlabel/unlabel_73152bea5c.jpg
1193,train/unlabel/unlabel_7f9a5711bb.jpg
1194,train/unlabel/unlabel_0169177c5c.jpg
1195,train/unlabel/unlabel_c2c08eec41.jpg
1196,train/unlabel/unlabel_4ce5d1d779.jpg
1197,train/unlabel/unlabel_56f12db77c.jpg
1198,train/unlabel/unlabel_92fc4cd546.jpg
1199,train/unlabel/unlabel_c2986a4cba.jpg
1200,train/unlabel/unlabel_615a5737e3.jpg
1201,train/unlabel/unlabel_0bbbfb6d82.jpg
