ID,label
test_4b25e4d176.jpg,daisy
test_f7c2f959e2.jpg,rose
test_5ce1594c56.jpg,dandelion
test_224ca979f2.jpg,sunflower
test_a44edb483f.jpg,sunflower
test_650a03bcc9.jpg,tulip
test_ce19e290e3.jpg,dandelion
test_f6219870dc.jpg,rose
test_91e92dda66.jpg,tulip
test_6906a83bda.jpg,dandelion
test_11d57b776d.jpg,dandelion
test_7efe47e093.jpg,dandelion
test_19d5816482.jpg,daisy
test_dc8f559f14.jpg,dandelion
test_a1a7a9ff68.jpg,tulip
test_056067346c.jpg,sunflower
test_5e59ef4c43.jpg,rose
test_58cdc67af1.jpg,tulip
test_f1bf8e2d7a.jpg,dandelion
test_cea95a7952.jpg,rose
test_02cd5c855f.jpg,tulip
test_e31b7e4e2c.jpg,dandelion
test_23e8000477.jpg,daisy
test_c3c827f514.jpg,sunflower
test_9c68cae435.jpg,tulip
test_085ac02ae1.jpg,tulip
test_c826f92faa.jpg,rose
test_60d81b2f29.jpg,rose
test_801ff7a283.jpg,sunflower
test_1c077797e9.jpg,sunflower
test_2cedd6cb2a.jpg,rose
test_7d2c0af6d7.jpg,daisy
test_9fbb51fa4d.jpg,daisy
test_6cf91904e2.jpg,dandelion
test_50c0fdbb83.jpg,sunflower
test_d4d13cc514.jpg,rose
test_424cbc0ac2.jpg,tulip
test_0e8725d753.jpg,dandelion
test_cb098f9b42.jpg,sunflower
test_dcd61d9f7c.jpg,rose
test_37de3e1e68.jpg,tulip
test_950cb40f50.jpg,tulip
test_6e19cdfee7.jpg,dandelion
test_7db56b4987.jpg,dandelion
test_6ca5aa4756.jpg,daisy
test_cb90f53291.jpg,daisy
test_05a269d935.jpg,dandelion
test_612610954a.jpg,daisy
test_ff0c7c629b.jpg,daisy
test_f7e06db498.jpg,sunflower
test_1f89ac2f14.jpg,daisy
test_87b86ecbf6.jpg,tulip
test_ef1cdc4701.jpg,tulip
test_f22b7b1fb7.jpg,sunflower
test_31310c51aa.jpg,sunflower
test_f25e667f52.jpg,tulip
test_7d05b8e6b7.jpg,dandelion
test_3d08048359.jpg,daisy
test_6a8b5e8582.jpg,sunflower
test_88e01af151.jpg,dandelion
test_ee405ddaaf.jpg,sunflower
test_635387712f.jpg,rose
test_a7a7679453.jpg,dandelion
test_735e40cb86.jpg,sunflower
test_a8e05da246.jpg,rose
test_db432c951d.jpg,tulip
test_381079128c.jpg,sunflower
test_6c63491f9d.jpg,sunflower
test_8002ab7035.jpg,tulip
test_a66d17736e.jpg,rose
test_544c5e4eb7.jpg,sunflower
test_e26d583262.jpg,dandelion
test_92e95b0af9.jpg,sunflower
test_d999e77ec5.jpg,sunflower
test_84fb174fc7.jpg,daisy
test_0eb312a6a7.jpg,sunflower
test_960719f183.jpg,daisy
test_94e9b1dc86.jpg,dandelion
test_aec0a1b2bb.jpg,tulip
test_032b0dd1e5.jpg,tulip
test_90ba5f6d5b.jpg,rose
test_0ca4a08a3e.jpg,rose
test_d843636881.jpg,dandelion
test_050bf99dcf.jpg,dandelion
test_302eab929b.jpg,tulip
test_d502c396ea.jpg,tulip
test_c714c8ee7a.jpg,dandelion
test_14249313f9.jpg,rose
test_8bbd045119.jpg,dandelion
test_7702e0dc8b.jpg,dandelion
test_d8a7bd432a.jpg,rose
test_68957620b8.jpg,dandelion
test_6db2d2e5d2.jpg,dandelion
test_a3c671e22a.jpg,sunflower
test_db21a268c1.jpg,rose
test_ce2b70134b.jpg,tulip
test_647bf049f2.jpg,rose
test_e112f105a3.jpg,daisy
test_c50397be01.jpg,daisy
test_6e909dd327.jpg,rose
test_f0a8248b78.jpg,sunflower
test_54299de872.jpg,tulip
test_48f2bc71c3.jpg,rose
test_f50845b09c.jpg,sunflower
test_74b1ba3dd8.jpg,tulip
test_6771f4a269.jpg,dandelion
test_3d4d478c4b.jpg,rose
test_de112f6597.jpg,daisy
test_db390c15b5.jpg,daisy
test_fadcc6bae6.jpg,rose
test_52b9e3f39f.jpg,dandelion
test_02832b6478.jpg,dandelion
test_e177906198.jpg,dandelion
test_62ce6b3ff8.jpg,tulip
test_8662e30712.jpg,tulip
test_8f5d1feb75.jpg,tulip
test_80a238cb65.jpg,rose
test_c377405949.jpg,tulip
test_962c6da6f2.jpg,tulip
test_07e4b609b8.jpg,tulip
test_48e64aa759.jpg,daisy
test_ec70f75051.jpg,dandelion
test_0d7dad9b1e.jpg,dandelion
test_b059b161dc.jpg,dandelion
test_bd77d2f202.jpg,rose
test_d217482440.jpg,tulip
test_27c8138206.jpg,tulip
test_db58de6d0b.jpg,tulip
test_e0f93f2a6d.jpg,rose
test_80852dbcd7.jpg,dandelion
test_60f6bbddc6.jpg,daisy
test_b0f9a00745.jpg,daisy
test_44d361376f.jpg,dandelion
test_f91fbd2015.jpg,rose
test_0662ef00f5.jpg,tulip
test_2a00839895.jpg,sunflower
test_1b196f4779.jpg,rose
test_d3eb4fe481.jpg,daisy
test_bd2a845814.jpg,tulip
test_d0f76310b3.jpg,daisy
test_55a7380eb2.jpg,daisy
test_95e5528ca6.jpg,sunflower
test_6d73eec96b.jpg,daisy
test_2e175e7303.jpg,sunflower
test_97095dd81e.jpg,dandelion
test_86e66a003c.jpg,tulip
test_173d737f22.jpg,dandelion
test_06ba194dee.jpg,daisy
test_2ac8679160.jpg,dandelion
test_c0066ad118.jpg,daisy
test_5e4497f25e.jpg,dandelion
test_b93e7999c5.jpg,tulip
test_a21ca80ead.jpg,sunflower
test_00bf703109.jpg,dandelion
test_04016920a4.jpg,tulip
test_0c6f281ba3.jpg,tulip
test_209d132718.jpg,dandelion
test_6ceab312ec.jpg,sunflower
test_244e0b4215.jpg,sunflower
test_d71cb58ce4.jpg,daisy
test_626c6bad01.jpg,sunflower
test_66fe669404.jpg,dandelion
test_8c719abf58.jpg,rose
test_5979065136.jpg,dandelion
test_561515e6da.jpg,sunflower
test_be9644f9ae.jpg,dandelion
test_fa9ad61546.jpg,dandelion
test_915b0a2b63.jpg,daisy
test_620d3bf196.jpg,rose
test_7cb0cec811.jpg,dandelion
test_82ffdcd4a6.jpg,tulip
test_1859a63272.jpg,sunflower
test_d310c73855.jpg,tulip
test_20bd7a3f7c.jpg,daisy
test_7539fd101c.jpg,sunflower
test_01adbe77ac.jpg,sunflower
test_74707a8a11.jpg,rose
test_c440a9dd85.jpg,daisy
test_bd37687023.jpg,sunflower
test_6da8f2fa5e.jpg,rose
test_09e50d7197.jpg,tulip
test_e30c9fceba.jpg,rose
test_9ad13ea082.jpg,sunflower
test_23d69c6262.jpg,tulip
test_0ec767cf45.jpg,rose
test_d8a218b78f.jpg,daisy
test_b821ec5350.jpg,daisy
test_419312862f.jpg,dandelion
test_570f637ad4.jpg,tulip
test_57bf2186bb.jpg,dandelion
test_a434a42687.jpg,dandelion
test_ed4a0f6818.jpg,tulip
test_66fe174e1a.jpg,tulip
test_0ea065111c.jpg,dandelion
test_3ec6fdd46f.jpg,rose
test_c73c76059b.jpg,daisy
test_c0ab77fe75.jpg,daisy
test_86340f9fa1.jpg,daisy
test_2828eabe69.jpg,tulip
test_2d9bdc069b.jpg,sunflower
test_66a733f038.jpg,tulip
test_84e63582ae.jpg,dandelion
test_84c12f12cd.jpg,daisy
test_4be2e1b81d.jpg,dandelion
test_307fc95593.jpg,dandelion
test_d4df1ba122.jpg,dandelion
test_485102ca2e.jpg,tulip
test_a3e607f038.jpg,tulip
test_ffadbbe7ce.jpg,sunflower
test_92218293f9.jpg,dandelion
test_50631a107a.jpg,rose
test_fbc7890e85.jpg,sunflower
test_73a9d56056.jpg,sunflower
test_10c22e72fe.jpg,rose
test_0fbd6b0230.jpg,daisy
test_e5951b07c2.jpg,dandelion
test_27ab79cf63.jpg,sunflower
test_54e23ed5d7.jpg,tulip
test_1a84852d20.jpg,dandelion
test_8aee257371.jpg,rose
test_3438840630.jpg,tulip
test_5c5d5807bf.jpg,daisy
test_54c38fd6ee.jpg,sunflower
test_7605d1e54b.jpg,daisy
test_4658490f5c.jpg,dandelion
test_796561dd82.jpg,sunflower
test_23670d2387.jpg,daisy
test_89b8d95a6b.jpg,sunflower
test_76069fd2df.jpg,sunflower
test_fb847fd374.jpg,tulip
test_d193df9aca.jpg,rose
test_c6d576d151.jpg,dandelion
test_fb448f23f9.jpg,sunflower
test_99dfa3d411.jpg,dandelion
test_dda8103b10.jpg,daisy
test_d595462459.jpg,tulip
test_43d7904ee4.jpg,sunflower
test_b24f26cc60.jpg,rose
test_2572052ef6.jpg,tulip
test_048230e0e8.jpg,tulip
test_bfc07fd575.jpg,tulip
test_85cf473719.jpg,rose
test_fc48b7ce2e.jpg,daisy
test_6d57a37227.jpg,daisy
test_d8dd5c1413.jpg,sunflower
test_8c375e47f3.jpg,dandelion
test_1b60d36c5d.jpg,daisy
test_b2b1a724d8.jpg,sunflower
test_0a8504aac0.jpg,tulip
test_be8bb35c5f.jpg,daisy
test_f4949c075b.jpg,daisy
test_fbcc8e970a.jpg,dandelion
test_3e148d345e.jpg,sunflower
test_844da3d3d4.jpg,tulip
test_1bf559dd39.jpg,rose
test_e20777ddbc.jpg,sunflower
test_e4d051bc76.jpg,rose
test_d89eab033b.jpg,daisy
test_0e35d145d6.jpg,daisy
test_b5a362f847.jpg,rose
test_4047893d7a.jpg,daisy
test_e7665223c2.jpg,tulip
test_f6d2029139.jpg,sunflower
test_500d448e66.jpg,dandelion
test_0745cb8baf.jpg,sunflower
test_3069304f16.jpg,sunflower
test_c93863322c.jpg,dandelion
test_303f116196.jpg,tulip
test_5a16c67876.jpg,dandelion
test_d0e1686abc.jpg,tulip
test_6e0de19ff5.jpg,dandelion
test_4ae430c50b.jpg,dandelion
test_f887354fd1.jpg,tulip
test_a9ccf5bedb.jpg,tulip
test_61bc85835d.jpg,rose
test_3ffe97f7dd.jpg,sunflower
test_0b42a3e5fc.jpg,tulip
test_eed8001542.jpg,rose
test_6a3adf3281.jpg,rose
test_ff42240df4.jpg,dandelion
test_caed37569c.jpg,rose
test_1c22e3d3ab.jpg,sunflower
test_5f84e22eff.jpg,sunflower
test_0ad51b7cc6.jpg,dandelion
test_07fee833e5.jpg,rose
test_ab385d159b.jpg,tulip
test_b9d35882f2.jpg,tulip
test_3c68bb3fa8.jpg,daisy
test_96409ec1a7.jpg,daisy
test_31734e6c8d.jpg,rose
test_074f5db6c4.jpg,tulip
test_710c150021.jpg,daisy
test_f167fcc015.jpg,dandelion
test_3523ae5dc3.jpg,dandelion
test_1409cfa180.jpg,tulip
test_9f6d39349b.jpg,daisy
test_4646023149.jpg,daisy
test_35515a23ab.jpg,daisy
test_5b36af9a0c.jpg,rose
test_c3414facf6.jpg,tulip
test_b211ccf11c.jpg,dandelion
test_e1d6ce841c.jpg,sunflower
test_00d3787f9a.jpg,sunflower
test_26ed6b3b36.jpg,daisy
test_88d21497ee.jpg,sunflower
test_a9660fa07b.jpg,tulip
test_f932f46e0e.jpg,tulip
test_ae17a5e0df.jpg,dandelion
test_650df4c4df.jpg,tulip
test_b507313056.jpg,daisy
test_73bdbb3bf4.jpg,tulip
test_5b95d7ec50.jpg,rose
test_49756b8c29.jpg,dandelion
test_ca91e043b6.jpg,rose
test_3b9e1ab530.jpg,daisy
test_03f24a2f1a.jpg,daisy
test_36b9af5c0f.jpg,sunflower
test_0a5f91474d.jpg,daisy
test_dee3c89b1b.jpg,rose
test_97dafe820a.jpg,rose
test_f9d6f2013e.jpg,rose
test_acd4b6c98b.jpg,sunflower
test_e192cdd4d2.jpg,tulip
test_eac0e9dbac.jpg,dandelion
test_15e14aeaca.jpg,dandelion
test_f406649480.jpg,tulip
test_8caf1fe182.jpg,daisy
test_9565e433a2.jpg,tulip
test_fcc6bbf982.jpg,sunflower
test_4be27a9d69.jpg,dandelion
test_388be63e28.jpg,rose
test_f1ec9d9dc6.jpg,daisy
test_0545f2c1f2.jpg,rose
test_ff267ceb6b.jpg,tulip
test_13486bb08d.jpg,dandelion
test_cf19283a29.jpg,sunflower
test_d70cca7696.jpg,daisy
test_4e59c2b267.jpg,dandelion
test_0781a244eb.jpg,rose
test_f934e280a5.jpg,tulip
test_a52c8c5c72.jpg,tulip
test_0e61ed3d6d.jpg,tulip
test_9f8c881f62.jpg,rose
test_a117b7c064.jpg,dandelion
test_b0bb58de14.jpg,daisy
test_d0c2114d68.jpg,dandelion
test_e83597b9bb.jpg,sunflower
test_b90e9633a8.jpg,rose
test_411569a2be.jpg,rose
test_92d67baa04.jpg,rose
test_1f0eadd610.jpg,tulip
test_fc02857c90.jpg,tulip
test_4a3d131a15.jpg,tulip
test_23b426999d.jpg,dandelion
test_c0358d2abc.jpg,dandelion
test_3237aef1ea.jpg,rose
test_8cd6dd036e.jpg,sunflower
test_dd1d5e112d.jpg,rose
test_9223c576c0.jpg,tulip
test_8b72a2a750.jpg,rose
test_638803a66a.jpg,daisy
test_23c2bb8ab1.jpg,rose
test_ba1722b42f.jpg,dandelion
test_61b288c546.jpg,dandelion
test_4cf360384b.jpg,daisy
test_9c92e29b37.jpg,dandelion
test_81129a8d84.jpg,tulip
test_c525e5da3c.jpg,dandelion
test_4487e69a1c.jpg,dandelion
test_c068a794cd.jpg,sunflower
test_fd5e204280.jpg,tulip
test_453374134c.jpg,rose
test_cfae1b4cce.jpg,tulip
test_6c4e6aa62f.jpg,dandelion
test_acc5025d7a.jpg,daisy
test_d37b81591d.jpg,sunflower
test_1b7a669066.jpg,dandelion
test_89566a5bd4.jpg,rose
test_bf0ff0edb4.jpg,daisy
test_c97ec0fa15.jpg,sunflower
test_a0c5ebf351.jpg,sunflower
test_117e538bca.jpg,dandelion
test_2ef6f339d9.jpg,rose
test_31a9767c23.jpg,dandelion
test_707d660b5f.jpg,tulip
test_0a8f5ebaac.jpg,dandelion
test_0d42eb4e5e.jpg,daisy
test_36972f633a.jpg,tulip
test_2ff8eb318c.jpg,dandelion
test_8332973d26.jpg,rose
test_533998a90d.jpg,dandelion
test_fd779c71da.jpg,rose
test_6b1784c87f.jpg,rose
test_ea115c52e8.jpg,dandelion
test_63e1f02ca4.jpg,dandelion
test_91d362d7a6.jpg,sunflower
test_3e9379c18c.jpg,tulip
test_6453b8c4ea.jpg,sunflower
test_945add663f.jpg,dandelion
test_e4b4e5b19c.jpg,tulip
test_9ceab02998.jpg,daisy
test_65feda74de.jpg,tulip
test_403dd0b730.jpg,rose
test_6e8bd6a1f7.jpg,daisy
test_6a14d967d9.jpg,sunflower
test_48876e5812.jpg,dandelion
test_b9d570655f.jpg,dandelion
test_0b918606a3.jpg,tulip
test_ba0b452b34.jpg,dandelion
test_1a5999e555.jpg,dandelion
test_d63861d9e9.jpg,daisy
test_be22d8b484.jpg,rose
test_5159fdac21.jpg,daisy
test_6b2fc89bbf.jpg,sunflower
test_69bf9e19a4.jpg,sunflower
test_003712d457.jpg,sunflower
test_403f954628.jpg,dandelion
test_94b31dba5f.jpg,sunflower
test_b2e04267eb.jpg,daisy
test_235d42b475.jpg,daisy
test_a30aaa286a.jpg,tulip
test_3df9c28d3e.jpg,dandelion
test_92e4fa0df2.jpg,dandelion
test_8ea4875a52.jpg,dandelion
test_31e4029550.jpg,tulip
test_58cbc1fbec.jpg,rose
test_7e5a5d73a8.jpg,daisy
test_f3e3739dc0.jpg,daisy
test_3d57a2a1e9.jpg,rose
test_b189c510dd.jpg,daisy
test_8e04c605c5.jpg,sunflower
test_980a7c1550.jpg,sunflower
test_cf46189f47.jpg,tulip
test_45b3476e52.jpg,tulip
test_04cca09b60.jpg,sunflower
test_df6b422a18.jpg,dandelion
test_06af0e7f6b.jpg,tulip
test_453de9e23b.jpg,sunflower
test_5559ab1060.jpg,dandelion
test_7101a50a18.jpg,tulip
test_bc45cbb0ae.jpg,tulip
test_875e6d9345.jpg,sunflower
test_0e60c6dfc2.jpg,daisy
test_4e12dfae9e.jpg,dandelion
test_7a6274dacb.jpg,dandelion
test_892df50b49.jpg,sunflower
test_bd05bb99a1.jpg,tulip
test_c4ff04f53a.jpg,tulip
test_3dd6ef7a79.jpg,dandelion
test_d6d71307bb.jpg,rose
test_ce841a9b43.jpg,tulip
test_72869cb372.jpg,tulip
test_5762e552cb.jpg,dandelion
test_57a2c41779.jpg,tulip
test_185ace1943.jpg,tulip
test_6809a3a3c3.jpg,rose
test_28c1ccfe4a.jpg,daisy
test_94e02adcca.jpg,dandelion
test_b267891ca8.jpg,sunflower
test_f521195bbe.jpg,daisy
test_63570e0f6b.jpg,tulip
test_a87985756c.jpg,rose
test_e01e0334e9.jpg,rose
test_dcc12dbdc4.jpg,sunflower
test_714cc21801.jpg,daisy
test_4667c8774e.jpg,dandelion
test_f759667859.jpg,dandelion
test_a88c601515.jpg,dandelion
test_b6893ed140.jpg,tulip
test_6eb6dffe16.jpg,daisy
test_f71368b4b5.jpg,tulip
test_56721db0e3.jpg,sunflower
test_3f4b41d889.jpg,dandelion
test_4be84adc49.jpg,rose
test_25cf7053a6.jpg,dandelion
test_6f73d4ed12.jpg,tulip
test_89c911839b.jpg,rose
test_6e3c924389.jpg,tulip
test_58336fac20.jpg,dandelion
test_334601cdbd.jpg,tulip
test_1bcc6eaafb.jpg,dandelion
test_6fba0a6a60.jpg,dandelion
test_a21e7b0707.jpg,daisy
test_ca9508f772.jpg,dandelion
test_fe3a562888.jpg,dandelion
test_3eefdcaf58.jpg,daisy
test_6c0c254d41.jpg,rose
test_6096b44f15.jpg,dandelion
test_ee4fa7160b.jpg,rose
test_9e8fad4b81.jpg,tulip
test_5c64efec29.jpg,rose
test_038fe35419.jpg,tulip
test_f05b9ac402.jpg,tulip
test_3c1d99d813.jpg,tulip
test_41c6c62c20.jpg,dandelion
test_bb9a480759.jpg,dandelion
test_872db3e007.jpg,daisy
test_0f9d2aa83f.jpg,daisy
test_d893a5c37e.jpg,dandelion
test_8edcf8852f.jpg,tulip
test_d61bf7ed48.jpg,rose
test_e77e465fc9.jpg,dandelion
test_39cc504421.jpg,daisy
test_7c33cf27bf.jpg,tulip
test_3139006bc5.jpg,tulip
test_cadf63ef6a.jpg,daisy
test_91b9bb53fa.jpg,tulip
test_4f1f267126.jpg,rose
test_d608d4228c.jpg,dandelion
test_f766c0ea84.jpg,rose
test_f030940c40.jpg,tulip
test_07ddd35a5f.jpg,rose
test_659fc57d5a.jpg,tulip
test_0c606a3dec.jpg,sunflower
test_d38b0ec611.jpg,dandelion
test_7c091855e6.jpg,tulip
test_29d7731b7e.jpg,dandelion
test_610c9e0d23.jpg,daisy
test_bdb35197c2.jpg,tulip
test_3a7592925d.jpg,dandelion
test_9ae985afaf.jpg,tulip
test_905063ba8c.jpg,dandelion
test_4a71c8abc7.jpg,rose
test_f35265200f.jpg,rose
test_996756aa8f.jpg,dandelion
test_d72a1b9630.jpg,sunflower
test_6880ddcbc1.jpg,rose
test_96706cf2e9.jpg,sunflower
test_88babb1a38.jpg,sunflower
test_ac30e51596.jpg,rose
test_c9d73f445a.jpg,tulip
test_4cc05fff50.jpg,dandelion
test_99b9465336.jpg,daisy
test_91fff1392e.jpg,dandelion
test_fd467cde0b.jpg,rose
test_303fd4323a.jpg,sunflower
test_e85ad6c106.jpg,dandelion
test_d556d96887.jpg,sunflower
test_59df8c1ab9.jpg,tulip
test_437cdd4bc8.jpg,dandelion
test_ea67d9a847.jpg,daisy
test_28ab456f92.jpg,dandelion
test_2fe87e25bf.jpg,rose
test_f152d92862.jpg,sunflower
test_e007e2221d.jpg,dandelion
test_18f9394c52.jpg,tulip
test_5d6d434f7e.jpg,dandelion
test_97940de4d7.jpg,dandelion
test_7cb19df020.jpg,tulip
test_d93967f605.jpg,daisy
test_c3acd04c8d.jpg,tulip
test_200eb7769c.jpg,sunflower
test_d29440faad.jpg,rose
test_fe3a1a1cf0.jpg,daisy
test_0944737973.jpg,tulip
test_d71fcc04f6.jpg,sunflower
test_fb61084628.jpg,dandelion
test_00cbd821fe.jpg,rose
test_f27de7a36d.jpg,daisy
test_9c947b2b87.jpg,rose
test_6ff7b9b9f4.jpg,dandelion
test_bb9111d665.jpg,tulip
test_6a37b07ea7.jpg,tulip
test_3ab63e6797.jpg,tulip
test_c83b0ecbb9.jpg,tulip
test_c87774b657.jpg,sunflower
test_bfb35851ad.jpg,sunflower
test_78442a744f.jpg,sunflower
test_ff4043bce6.jpg,dandelion
test_1240ff5f79.jpg,rose
test_5ed41e2b2b.jpg,dandelion
test_e73e8e6f2e.jpg,sunflower
test_47c520e0a7.jpg,sunflower
test_5948e79213.jpg,rose
test_444db30f74.jpg,dandelion
test_b8fd3f8d5b.jpg,dandelion
test_9829889602.jpg,sunflower
test_ff61e6c1d1.jpg,dandelion
test_6898fc4a72.jpg,dandelion
test_f86a949da2.jpg,daisy
test_4ea0c28c5b.jpg,sunflower
test_14a37e6b24.jpg,tulip
test_6a9d426913.jpg,rose
test_739066b71d.jpg,rose
test_343a381036.jpg,daisy
test_533dfb088e.jpg,rose
test_86d4bb373e.jpg,sunflower
test_e9a2d89b7a.jpg,dandelion
test_f3d1790a0e.jpg,rose
test_6f99129941.jpg,daisy
test_16f6dcb001.jpg,sunflower
test_155522d9eb.jpg,tulip
test_0c5f7cfc06.jpg,dandelion
test_eba552e28d.jpg,tulip
test_cb2347b122.jpg,dandelion
test_00115a4a7e.jpg,sunflower
test_3f3410cf16.jpg,rose
test_259baabcf6.jpg,daisy
test_e95ecac10f.jpg,daisy
test_25058dba35.jpg,rose
test_1b9c7807fa.jpg,tulip
test_25114401d6.jpg,tulip
test_c67c0a5e13.jpg,rose
test_954383ad12.jpg,sunflower
test_d189998054.jpg,dandelion
test_bbc2c4a70a.jpg,rose
test_314e252d4f.jpg,sunflower
test_4c7ac11ff1.jpg,dandelion
test_8514b65c95.jpg,daisy
test_62fe2d0d25.jpg,dandelion
test_c084274878.jpg,tulip
test_a04495f34d.jpg,daisy
test_fabd62fcf1.jpg,sunflower
test_68615ff794.jpg,sunflower
test_ce990a1aed.jpg,daisy
test_d517923405.jpg,tulip
test_02de2584f7.jpg,rose
test_86a37a7993.jpg,dandelion
test_eff7b3cf94.jpg,rose
test_1a76b637f9.jpg,daisy
test_bf2ac92562.jpg,sunflower
test_234a22e0bb.jpg,sunflower
test_8b8cc4eb19.jpg,tulip
test_396cc7e59a.jpg,daisy
test_9d4dfabdc6.jpg,daisy
test_5e7c0ef830.jpg,rose
test_5d2bdda9af.jpg,daisy
test_aca08cf85b.jpg,rose
test_b928b022c2.jpg,dandelion
test_8e4c9612d8.jpg,rose
test_66d347839e.jpg,rose
test_eaa9b13bef.jpg,dandelion
test_af7a227a08.jpg,daisy
test_4dd5de2641.jpg,tulip
test_3ca3ee20ed.jpg,rose
test_7ea2272848.jpg,dandelion
test_9767c7b291.jpg,tulip
test_0da59a67c6.jpg,tulip
test_5ba9f31855.jpg,dandelion
test_fc6d01b619.jpg,daisy
test_ada2b5098b.jpg,sunflower
test_c0b6dd0a43.jpg,daisy
test_1db0124609.jpg,dandelion
test_f39f5abba5.jpg,sunflower
test_eb46177489.jpg,dandelion
test_a7cd9f7e5e.jpg,daisy
test_b3741f880d.jpg,tulip
test_6fbab8d001.jpg,daisy
test_1c2231830c.jpg,tulip
test_49f3476498.jpg,tulip
test_5b66185d61.jpg,tulip
test_8c29af1e06.jpg,dandelion
test_b3b20cf009.jpg,rose
test_cf878c0700.jpg,sunflower
test_0c4bcf7e93.jpg,daisy
test_8fc2484605.jpg,dandelion
test_e5788d9793.jpg,dandelion
test_cdeeeb708b.jpg,dandelion
test_3befd45d65.jpg,daisy
test_3643254039.jpg,tulip
test_0564f19518.jpg,dandelion
test_961c1bd3c2.jpg,daisy
test_529ffb73c4.jpg,tulip
test_9b7aa4f9a0.jpg,dandelion
test_f511050198.jpg,daisy
test_dabda3064e.jpg,dandelion
test_c851a5bf8a.jpg,rose
test_7967cfe40d.jpg,rose
test_9c7ead0679.jpg,tulip
test_32c8fec2dd.jpg,dandelion
test_74a257a9a3.jpg,dandelion
test_365ed94741.jpg,daisy
test_3373278dde.jpg,rose
test_9c57958c10.jpg,dandelion
test_0c64800b1e.jpg,dandelion
test_d2bd425e8b.jpg,rose
test_4865d3b0e2.jpg,tulip
test_2f65b65c10.jpg,rose
test_7ada5864c8.jpg,tulip
test_e5118edee3.jpg,daisy
test_eaf562f5db.jpg,tulip
test_8b1a657817.jpg,rose
test_d04bc7d8e9.jpg,daisy
test_3bf450b9f8.jpg,tulip
test_9f7639c49d.jpg,tulip
test_abdfe864ab.jpg,dandelion
test_cd407dbd3f.jpg,tulip
test_8375d3d9da.jpg,sunflower
test_9f1a9dbfa5.jpg,daisy
test_a24a5c34dd.jpg,dandelion
test_cd72ce84dc.jpg,daisy
test_4087ffe7ff.jpg,tulip
test_81d69473cd.jpg,tulip
test_d755898388.jpg,daisy
test_b57b851d4b.jpg,dandelion
test_4a346e96ae.jpg,tulip
test_930af4f0a9.jpg,rose
test_3a8e726c2f.jpg,rose
test_f679d605b7.jpg,dandelion
test_bdd181d0c7.jpg,sunflower
test_0029c758fe.jpg,dandelion
test_3cfb50687e.jpg,tulip
test_b06826fd87.jpg,sunflower
test_24e7ea44e7.jpg,tulip
test_58b8ce3ce6.jpg,tulip
test_b200d547ee.jpg,sunflower
test_cece6d3e3e.jpg,tulip
test_a09b361880.jpg,daisy
test_8c299fe6e0.jpg,tulip
test_0c66dcd4ec.jpg,sunflower
test_5a18c3dfe2.jpg,daisy
test_e55e6ba055.jpg,tulip
test_9b102f458e.jpg,sunflower
test_5f35167a07.jpg,sunflower
test_b2b9326db8.jpg,tulip
test_c8fdd0f204.jpg,tulip
test_c64ebae105.jpg,rose
test_a44e96897e.jpg,dandelion
test_a201df3570.jpg,tulip
test_21aac3cdec.jpg,dandelion
test_71bf85c454.jpg,sunflower
test_00f1f783c0.jpg,sunflower
test_4dd1b7ba7a.jpg,daisy
test_167decf247.jpg,rose
test_bb18a8af05.jpg,tulip
test_fc693e1997.jpg,sunflower
test_86b7a3fae0.jpg,daisy
test_543367499e.jpg,rose
test_e30075627e.jpg,daisy
test_f897bff188.jpg,tulip
test_952683affe.jpg,rose
test_bb194be335.jpg,rose
test_06d49deb62.jpg,tulip
test_391ffc64ac.jpg,tulip
test_c67eac806f.jpg,dandelion
test_9130f7c13e.jpg,rose
test_2fb3bfc162.jpg,dandelion
test_a45b71ff21.jpg,tulip
test_bc0f144462.jpg,sunflower
test_c918aa533a.jpg,dandelion
test_049aa34c61.jpg,dandelion
test_d9c45fcc1c.jpg,rose
test_fc190fa10a.jpg,rose
test_05b97555b2.jpg,dandelion
test_008d3cafe1.jpg,rose
test_82cb6046e7.jpg,rose
test_b8a1eafbdf.jpg,dandelion
test_569f25ce3d.jpg,sunflower
test_f51d602300.jpg,sunflower
test_c4334c8097.jpg,daisy
test_cf19bddb93.jpg,dandelion
test_0ad660741e.jpg,rose
test_718e2830b3.jpg,rose
test_690de082f0.jpg,tulip
test_a92f0c3894.jpg,tulip
test_93d2b9839a.jpg,daisy
test_0b5c846fe6.jpg,sunflower
test_64788d9c1f.jpg,dandelion
test_e389fc80ed.jpg,dandelion
test_9336b6187a.jpg,sunflower
test_8c8a0b4b1f.jpg,sunflower
test_fdab9e75dd.jpg,tulip
test_8863383fde.jpg,rose
test_2eb542cc3d.jpg,dandelion
test_75c8487bd9.jpg,sunflower
test_de9fc99162.jpg,dandelion
test_7f3141b780.jpg,sunflower
test_8e616b7091.jpg,sunflower
test_ca33600ef6.jpg,sunflower
test_28a8ab7416.jpg,dandelion
test_3d40bda41a.jpg,tulip
test_ef9895d22c.jpg,dandelion
test_e70b572b70.jpg,sunflower
test_fae36be7a9.jpg,sunflower
test_6df94e7cbb.jpg,rose
test_b93b8e8329.jpg,tulip
test_ce2adf1325.jpg,rose
test_023f179094.jpg,rose
test_0aa040f0ea.jpg,sunflower
test_ebe36a3f4e.jpg,dandelion
test_9f7f72d2bc.jpg,sunflower
test_825812ffdc.jpg,daisy
test_a669ca2dfe.jpg,sunflower
test_4518cd4069.jpg,tulip
test_84aead4440.jpg,dandelion
test_91a85e3cb6.jpg,rose
test_92dee4841b.jpg,rose
test_d75e3a54ef.jpg,daisy
test_08d2e193d3.jpg,rose
test_b541e9a5d9.jpg,tulip
test_fb23cb9721.jpg,tulip
test_29fc93ecaf.jpg,dandelion
test_426efaa35c.jpg,tulip
test_a322be7181.jpg,tulip
test_0cc6eb42e7.jpg,daisy
test_9b4245de19.jpg,daisy
test_e881a0b1da.jpg,daisy
test_25944d4b7d.jpg,daisy
test_ec17a0083d.jpg,rose
test_5bc10d65bb.jpg,tulip
test_6acc9cf95d.jpg,dandelion
test_36435a4c05.jpg,dandelion
test_6e88685eb7.jpg,dandelion
test_da2137e6c6.jpg,sunflower
test_93c64c4545.jpg,dandelion
test_63ea74c95d.jpg,daisy
test_ab80d2ecd1.jpg,rose
test_6e88fafcf2.jpg,dandelion
test_380af7bd41.jpg,rose
test_184ec67806.jpg,tulip
test_2e1f9f7248.jpg,sunflower
test_0ec97301f8.jpg,sunflower
test_3fb1ce838f.jpg,daisy
test_834fac01d2.jpg,daisy
test_17c4c4af9d.jpg,tulip
test_5bb1d5d506.jpg,sunflower
test_9f44cf08fd.jpg,sunflower
test_4dc9b93b30.jpg,daisy
test_a223e88e5c.jpg,rose
test_b512e64072.jpg,tulip
test_01737f52fb.jpg,dandelion
test_ae9e6a365f.jpg,dandelion
test_a5ff54a9b6.jpg,tulip
test_4b7dfc055d.jpg,rose
test_8effa7a220.jpg,sunflower
test_470ae664fa.jpg,daisy
test_3ac3a6fadb.jpg,rose
test_60cee887dc.jpg,sunflower
test_8613127432.jpg,dandelion
test_6722e46be4.jpg,tulip
test_1a54bbe1af.jpg,sunflower
test_004653a5ed.jpg,sunflower
test_e00349e6b7.jpg,tulip
test_dc87da38be.jpg,dandelion
test_aa7be0ebac.jpg,tulip
test_99dbb603f0.jpg,dandelion
test_28bbbf82e3.jpg,sunflower
test_f6562e71f3.jpg,tulip
test_e1992283f5.jpg,rose
test_b35b0b72bd.jpg,dandelion
test_8eedd54d7d.jpg,tulip
test_66ac3450eb.jpg,dandelion
test_3270a44780.jpg,sunflower
test_886ad156a7.jpg,sunflower
test_0e0a7b2e2b.jpg,tulip
test_a6d4999e0c.jpg,rose
test_d71684408e.jpg,sunflower
test_7425e6c606.jpg,daisy
test_c1a9d95790.jpg,tulip
test_d5fecdea2a.jpg,rose
test_75b18af2ab.jpg,tulip
test_8a2baa5a8d.jpg,dandelion
test_c867072c52.jpg,sunflower
test_61b729f6c1.jpg,sunflower
test_d036a54d17.jpg,rose
test_114cd0fd3e.jpg,sunflower
test_9410c0c40d.jpg,tulip
test_b2153038b5.jpg,sunflower
test_9dcbbe845e.jpg,sunflower
test_82af3e912e.jpg,tulip
test_605272018f.jpg,tulip
test_b249ec19d8.jpg,daisy
test_af6ff1c488.jpg,daisy
test_4868f5d94c.jpg,rose
test_802ff6a371.jpg,sunflower
test_358acc00ad.jpg,dandelion
test_cde4ed3132.jpg,tulip
test_9aa8464110.jpg,daisy
test_6b786d31f0.jpg,tulip
test_8be96dd5dd.jpg,rose
test_4e62080c10.jpg,sunflower
test_bd5103b866.jpg,daisy
test_2318236b44.jpg,dandelion
test_3b9d479b0c.jpg,daisy
test_4361c4935d.jpg,tulip
test_04870639e7.jpg,daisy
test_06d1125ec8.jpg,sunflower
test_d2991decbe.jpg,rose
test_099f5bafab.jpg,dandelion
test_6765edb849.jpg,daisy
test_8c7fc68ed2.jpg,tulip
test_b3c59fbf15.jpg,tulip
test_818b915e16.jpg,sunflower
test_136b6b90af.jpg,sunflower
test_3c69d123e1.jpg,daisy
test_0996418d6e.jpg,tulip
test_5359539480.jpg,daisy
test_591782c2b0.jpg,tulip
test_99ec346e52.jpg,dandelion
test_a241cd9db6.jpg,tulip
test_b6bbeac364.jpg,tulip
test_79fa4f4a2d.jpg,dandelion
test_d237234a4c.jpg,dandelion
test_ea4a0a0275.jpg,tulip
test_f0e6647044.jpg,rose
test_b7277c8907.jpg,sunflower
test_61e087615a.jpg,tulip
test_fd10cece89.jpg,rose
test_15244dbd12.jpg,tulip
test_f83c31c7d5.jpg,rose
test_1aa04a6c88.jpg,sunflower
test_9144753fe9.jpg,rose
test_46c4832ddb.jpg,rose
test_ee81303bc7.jpg,tulip
test_1f81c30c01.jpg,rose
test_0ad52f7c80.jpg,daisy
test_1bc6be0519.jpg,sunflower
test_de1404c969.jpg,rose
test_fbdfa1499d.jpg,dandelion
test_427fc5293a.jpg,rose
test_a1b6daf6ce.jpg,tulip
test_680d48beb6.jpg,rose
test_e11ac6c172.jpg,daisy
test_ff62f782ff.jpg,daisy
test_856ab4118b.jpg,dandelion
test_dd46245e8d.jpg,sunflower
test_e4500d543a.jpg,tulip
test_63fe2586fb.jpg,tulip
test_907432627e.jpg,rose
test_d55f732477.jpg,dandelion
test_a4059d94d9.jpg,dandelion
test_05278bccd8.jpg,tulip
test_c2929929ef.jpg,sunflower
test_03cf14292d.jpg,tulip
test_3d9317c852.jpg,tulip
test_72e23ecd45.jpg,dandelion
test_9719a45dd0.jpg,rose
test_5a1e4863e5.jpg,daisy
test_8dc376138a.jpg,rose
test_76ab338c2d.jpg,tulip
test_81712e406c.jpg,daisy
test_a77bbe9db0.jpg,tulip
test_e7bcc7977d.jpg,dandelion
test_2cc456cb21.jpg,rose
test_d762a06130.jpg,tulip
test_8028e029b4.jpg,sunflower
test_10b50e1f2a.jpg,tulip
test_3b5a6c5e54.jpg,rose
test_55ce10e29d.jpg,daisy
test_c0e2e39afd.jpg,rose
test_4379da5a70.jpg,dandelion
test_ba57efbcc0.jpg,sunflower
test_1aea432f70.jpg,dandelion
test_add9f90dec.jpg,rose
test_42bf8a0c98.jpg,tulip
test_c0619289fb.jpg,daisy
test_a7afbc8807.jpg,sunflower
test_238fab147a.jpg,dandelion
test_dc40ba5de6.jpg,sunflower
test_c598e1a585.jpg,sunflower
test_821d042971.jpg,tulip
test_10c0959b46.jpg,dandelion
test_0395efbf6b.jpg,rose
test_64ff7ef996.jpg,dandelion
test_f057069a1d.jpg,dandelion
test_1f3a8e3d2c.jpg,sunflower
test_b474b3d0e6.jpg,rose
test_54d47335af.jpg,sunflower
test_24cb68d607.jpg,tulip
test_574e0b6aef.jpg,rose
test_853afbebde.jpg,dandelion
test_95aa2c8d50.jpg,rose
test_f0ec23065b.jpg,tulip
test_af6bb5c772.jpg,dandelion
test_6057349668.jpg,dandelion
test_01e0b17c26.jpg,daisy
test_3468ad6721.jpg,rose
test_dd2d1f9400.jpg,dandelion
test_e960e80581.jpg,daisy
test_a59367308b.jpg,daisy
test_9e2984419b.jpg,tulip
test_52840a9f38.jpg,tulip
test_7a70009b1c.jpg,rose
test_dd169f7de4.jpg,dandelion
test_524a18805b.jpg,dandelion
test_bfba4629bc.jpg,dandelion
test_8e74923681.jpg,dandelion
test_cb05ed6b7c.jpg,tulip
test_60e91db229.jpg,dandelion
test_e16180ebea.jpg,dandelion
test_8c22cd8b07.jpg,daisy
test_7ff5be6803.jpg,sunflower
test_053e2a77a2.jpg,tulip
test_1fc583013a.jpg,tulip
test_0f28dbcec5.jpg,dandelion
test_fdaab156ee.jpg,daisy
test_4e11e56a32.jpg,tulip
test_fff284414b.jpg,tulip
test_380b4bef98.jpg,dandelion
test_ccf00a875b.jpg,sunflower
test_c8c1b99997.jpg,rose
test_c17448ee5d.jpg,tulip
test_a19e532ccc.jpg,rose
test_7f2dd875ae.jpg,sunflower
test_1df3134bcd.jpg,sunflower
test_f6fa01a84f.jpg,tulip
test_b0cf4e5588.jpg,dandelion
test_4dd9701285.jpg,tulip
test_1839f41005.jpg,sunflower
test_8a9a358971.jpg,daisy
test_81ba9ffcee.jpg,tulip
test_5dced5b39d.jpg,sunflower
test_4eac107f4b.jpg,dandelion
test_007c59df02.jpg,tulip
test_076ec8d70c.jpg,sunflower
test_22af41936b.jpg,tulip
test_f957429ae8.jpg,tulip
test_55b8bd4bd1.jpg,rose
test_20ef6ec687.jpg,tulip
test_aaf086ba7d.jpg,tulip
test_3a1b52b609.jpg,sunflower
test_d9bdb8396c.jpg,sunflower
test_2674bb80ca.jpg,dandelion
test_208760e9f9.jpg,sunflower
test_0ee548a720.jpg,dandelion
test_8d29bd93b2.jpg,sunflower
test_affac295fb.jpg,tulip
test_993b366c72.jpg,sunflower
test_c9ca50062d.jpg,daisy
test_8909a3b04e.jpg,daisy
test_25ef53d9d7.jpg,dandelion
test_3061ec2bf6.jpg,sunflower
test_5afe626e39.jpg,dandelion
test_7a339f584e.jpg,dandelion
test_17ee188f13.jpg,tulip
test_82d099ff82.jpg,dandelion
test_676d0c5fa8.jpg,rose
test_6878db0d5d.jpg,rose
test_03f3fd260c.jpg,sunflower
test_e2b729c57b.jpg,rose
test_91d70f0ab2.jpg,tulip
test_6204198230.jpg,tulip
test_a2e6c56475.jpg,dandelion
test_e0d0eb10d6.jpg,tulip
test_4277c3a6d4.jpg,tulip
test_63ca2183e3.jpg,sunflower
test_3cf9777e54.jpg,sunflower
test_6f5476bcae.jpg,dandelion
test_82a74010da.jpg,daisy
test_e66dee23e1.jpg,sunflower
test_eef38183d0.jpg,daisy
test_2f53ab35b7.jpg,dandelion
test_fa6a95e95c.jpg,sunflower
test_1f80962bea.jpg,rose
test_8dbf3a63a3.jpg,dandelion
test_67050210bb.jpg,dandelion
test_e86e2f87f5.jpg,tulip
test_cc33945299.jpg,rose
test_91951a4323.jpg,tulip
test_1964c3671d.jpg,tulip
test_1ce1f52362.jpg,rose
test_c4bfe430a0.jpg,tulip
test_62d309d392.jpg,dandelion
test_6b85db50b4.jpg,rose
test_d5c0433032.jpg,dandelion
test_3cae1abcb4.jpg,tulip
test_36ec853961.jpg,dandelion
test_7511136993.jpg,daisy
test_b8267c3910.jpg,tulip
test_0e47678170.jpg,rose
test_3c878d8e7f.jpg,tulip
test_200d614a58.jpg,dandelion
test_200d975675.jpg,dandelion
test_c10474288a.jpg,tulip
test_998163514a.jpg,daisy
test_e1484df1c7.jpg,sunflower
test_13c7d3f774.jpg,tulip
test_4af849c8d3.jpg,daisy
test_abe91864e6.jpg,daisy
test_a100b3c513.jpg,daisy
test_07abaed795.jpg,daisy
test_75977c3da8.jpg,dandelion
test_aaabc44803.jpg,rose
test_58a6641a60.jpg,daisy
test_f19ea8714b.jpg,dandelion
test_8fe835cba1.jpg,tulip
test_06b2933a69.jpg,rose
test_e05d622d37.jpg,sunflower
test_9a83510f4e.jpg,sunflower
test_521f0b18da.jpg,sunflower
test_9ffec842e9.jpg,dandelion
test_5e13d36d75.jpg,dandelion
test_d863f2e01c.jpg,sunflower
test_a9c3281463.jpg,dandelion
test_d643552bf6.jpg,tulip
test_afd3ccf0d2.jpg,tulip
test_a98262cd2e.jpg,sunflower
test_1b3e12c84d.jpg,rose
test_f2e1e484aa.jpg,dandelion
test_18b132bd96.jpg,tulip
test_8780f324ec.jpg,tulip
test_f9f6b34a7e.jpg,rose
test_7d9948ce76.jpg,dandelion
test_55e222c543.jpg,daisy
test_ea62fd5645.jpg,tulip
test_424a1323aa.jpg,tulip
test_07f954b91f.jpg,sunflower
test_61903d4946.jpg,dandelion
test_ac1e9c7781.jpg,tulip
test_df29532e6c.jpg,tulip
test_e375542508.jpg,rose
test_a4285c5a6b.jpg,sunflower
test_e4a2cd24dc.jpg,daisy
test_93458d5bb8.jpg,rose
test_311d3a00f8.jpg,rose
test_3f8bcb4000.jpg,daisy
test_40c2957d1f.jpg,tulip
test_136bc14cc6.jpg,tulip
test_d45f098d78.jpg,dandelion
test_460b02b8de.jpg,tulip
test_9a4a2386f2.jpg,sunflower
test_fc411c681e.jpg,rose
test_642ae0bc8d.jpg,dandelion
test_0aa5244397.jpg,dandelion
test_d52fb06856.jpg,rose
test_5ab6a88f36.jpg,sunflower
test_575c1427ab.jpg,dandelion
test_9de01364ef.jpg,sunflower
test_a963514c50.jpg,tulip
test_2c227c18b4.jpg,dandelion
test_10bdcade27.jpg,dandelion
test_1cb9167eab.jpg,dandelion
test_1dbc63ed17.jpg,rose
test_b87db2875e.jpg,rose
test_c59a40846b.jpg,tulip
test_29d882f924.jpg,daisy
test_90ec2ad1b7.jpg,daisy
test_f088665a79.jpg,tulip
test_9f4eff4b74.jpg,sunflower
test_8e2244a788.jpg,tulip
test_9ee7d774b7.jpg,tulip
test_7124123be2.jpg,sunflower
test_dc8c3a3706.jpg,dandelion
test_f15ae777d2.jpg,daisy
test_4ac6ef665f.jpg,rose
test_3362f8aed5.jpg,tulip
test_2e90de98cd.jpg,sunflower
test_f103b60343.jpg,sunflower
test_8ac3dd80b5.jpg,dandelion
test_d5e9237160.jpg,sunflower
test_3eef2da01c.jpg,sunflower
test_2795a43151.jpg,sunflower
test_e335017539.jpg,dandelion
test_3fecc06fcc.jpg,dandelion
test_bc0ec16ee4.jpg,rose
test_aea6739049.jpg,dandelion
test_db61a2a4c6.jpg,tulip
test_fe2719b5e3.jpg,tulip
test_5316fcf785.jpg,sunflower
test_11e1ecfa74.jpg,rose
test_f8061cb028.jpg,daisy
test_aa8a8f7628.jpg,rose
test_301bc3234f.jpg,dandelion
test_75b6df5b92.jpg,tulip
test_44f505488a.jpg,rose
test_f95f4ebcf0.jpg,dandelion
test_ce484d5cef.jpg,sunflower
test_2588d789a7.jpg,tulip
test_a8f2b91dcc.jpg,tulip
test_34edf20370.jpg,daisy
test_fa6b5b22b4.jpg,dandelion
test_3b8464644c.jpg,dandelion
test_edd5768468.jpg,daisy
test_ccb9db1b23.jpg,daisy
test_6ca9abd28c.jpg,rose
test_6b3f6c9e1b.jpg,dandelion
test_2e57b0b79e.jpg,dandelion
test_7aa7d2a331.jpg,daisy
test_3f7ee9c6fe.jpg,daisy
test_e248c22403.jpg,tulip
test_3b4eb467ca.jpg,sunflower
test_02d4a6a626.jpg,dandelion
test_b20bb28abd.jpg,rose
test_af00ea02dc.jpg,dandelion
test_7908bce99c.jpg,sunflower
test_d234c14696.jpg,dandelion
test_b234acbe70.jpg,rose
test_bae965bd87.jpg,dandelion
test_d9ba59b43b.jpg,rose
test_d94a94175f.jpg,tulip
test_772b12275f.jpg,dandelion
test_ac93fa8730.jpg,tulip
test_c4a854d108.jpg,rose
test_8730a004e5.jpg,tulip
test_785a535611.jpg,sunflower
test_ee482b44fe.jpg,rose
test_75d505e05c.jpg,dandelion
test_702974b179.jpg,dandelion
test_9f0a2b3039.jpg,daisy
test_e6ad23b01b.jpg,sunflower
test_65c4be834f.jpg,tulip
test_6ffb9d8052.jpg,tulip
test_3f121c893a.jpg,tulip
test_f316ef9dac.jpg,sunflower
test_a82870f882.jpg,dandelion
test_57bd2d0b2f.jpg,rose
test_89df1a18bd.jpg,daisy
test_ca264aefa6.jpg,tulip
test_73fd6130e4.jpg,sunflower
test_9b434ee76e.jpg,tulip
test_df149f39f8.jpg,daisy
test_2b50254a15.jpg,tulip
test_754c3237be.jpg,dandelion
test_1125aa9181.jpg,dandelion
test_85d6682dfa.jpg,dandelion
test_c8fa434558.jpg,tulip
test_7ef48621f8.jpg,tulip
test_b893c80230.jpg,tulip
test_e7398a7fd9.jpg,daisy
test_62bc0c9904.jpg,sunflower
test_3bfabf0221.jpg,rose
test_b6b4f4076c.jpg,rose
test_75999c0828.jpg,rose
test_11efd08f5d.jpg,sunflower
test_71d548d0d3.jpg,sunflower
